Index,game_id,date,season,arena,away_name,home_name,pace,attendance,ref1,ref2,ref3,away_q1,away_q2,away_q3,away_q4,away_ot,away_final,away_ortg,away_drtg,home_q1,home_q2,home_q3,home_q4,home_ot,home_final,home_ortg,home_drtg
0,201711010BOS,"7:30 PM, November 1, 2017",2018,"TD Garden, Boston, Massachusetts",Sacramento Kings,Boston Celtics,"18,624",88.9,Tony Brown, Ed Malloy, Vladimir Voyard-Tadal,24,21,15,26,0,86,96.7,127.1,27,31,31,24,0,113,127.1,96.7
1,201711010CHO,"7:00 PM, November 1, 2017",2018,"Spectrum Center, Charlotte, North Carolina",Milwaukee Bucks,Charlotte Hornets,"15,655",99.8,Nick Buchert, Sean Corbin, Derek Richardson,32,25,31,33,0,121,121.2,126.2,25,35,28,38,0,126,126.2,121.2
2,201711010CLE,"7:00 PM, November 1, 2017",2018,"Quicken Loans Arena, Cleveland, Ohio",Indiana Pacers,Cleveland Cavaliers,"20,562",99.5,Mitchell Ervin, Kane Fitzgerald, Tre Maddox,30,32,30,32,0,124,124.6,107.5,28,33,24,22,0,107,107.5,124.6
3,201711010DEN,"9:00 PM, November 1, 2017",2018,"Pepsi Center, Denver, Colorado",Toronto Raptors,Denver Nuggets,"14,072",99.8,Leroy Richardson, Dedric Taylor, Tom Washington,19,27,25,40,0,111,111.2,129.3,34,26,43,26,0,129,129.3,111.2
4,201711010LAC,"10:30 PM, November 1, 2017",2018,"STAPLES Center, Los Angeles, California",Dallas Mavericks,Los Angeles Clippers,"13,487",99.4,David Guthrie, Monty McCutchen, J.T. Orr,29,19,29,21,0,98,98.6,119.8,32,34,29,24,0,119,119.8,98.6
5,201711010MEM,"8:00 PM, November 1, 2017",2018,"FedEx Forum, Memphis, Tennessee",Orlando Magic,Memphis Grizzlies,"15,434",96.2,Mike Callahan, Jason Goldenberg, Michael Smith,23,31,27,20,0,101,105.0,102.9,26,28,21,24,0,99,102.9,105.0
6,201711010MIA,"7:30 PM, November 1, 2017",2018,"AmericanAirlines Arena, Miami, Florida",Chicago Bulls,Miami Heat,"19,600",99.7,Brandon Adair, Scott Wall, Sean Wright,17,30,17,27,0,91,91.3,97.3,27,22,18,30,0,97,97.3,91.3
7,201711010NOP,"8:00 PM, November 1, 2017",2018,"Smoothie King Center, New Orleans, Louisiana",Minnesota Timberwolves,New Orleans Pelicans,"14,788",101.2,Matt Boland, Jonathan Sterling, Zach Zarba,31,34,18,21,0,104,102.8,96.9,28,26,23,21,0,98,96.9,102.8
8,201711010NYK,"8:00 PM, November 1, 2017",2018,"Madison Square Garden (IV), New York, New York",Houston Rockets,New York Knicks,"18,320",103.6,Derrick Stafford, Justin Van Duyne, Gary Zielinski,24,36,40,19,0,119,114.9,93.7,27,21,26,23,0,97,93.7,114.9
9,201711010PHI,"7:00 PM, November 1, 2017",2018,"Wells Fargo Center, Philadelphia, Pennsylvania",Atlanta Hawks,Philadelphia 76ers,"20,549",108.9,Kevin Cutler, Bill Kennedy, Haywoode Workman,25,32,36,16,0,109,100.1,109.3,34,25,34,26,0,119,109.3,100.1
10,201711010UTA,"9:00 PM, November 1, 2017",2018,"Vivint Smart Home Arena, Salt Lake City, Utah",Portland Trail Blazers,Utah Jazz,"16,685",97.8,Tyler Ford, John Goble, Aaron Smith,20,19,30,25,9,103,95.4,103.7,22,17,25,30,18,112,103.7,95.4
11,201711010WAS,"7:00 PM, November 1, 2017",2018,"Capital One Arena, Washington, District of Columbia",Phoenix Suns,Washington Wizards,"14,790",97.2,Derrick Collins, Brian Forte, C.J. Washington,15,37,35,35,0,122,125.5,119.3,32,32,26,26,0,116,119.3,125.5
12,201711020POR,"10:30 PM, November 2, 2017",2018,"Moda Center, Portland, Oregon",Los Angeles Lakers,Portland Trail Blazers,"19,469",97.5,Bennie Adams, Ken Mauer, Dedric Taylor,25,37,23,25,0,110,112.8,115.9,41,25,21,26,0,113,115.9,112.8
13,201711020SAS,"8:00 PM, November 2, 2017",2018,"AT&T Center, San Antonio, Texas",Golden State Warriors,San Antonio Spurs,"18,418",97.0,Eric Dalen, Marc Davis, Courtney Kirkland,24,26,34,28,0,112,115.5,94.9,33,22,23,14,0,92,94.9,115.5
14,201711030ATL,"7:30 PM, November 3, 2017",2018,"Philips Arena, Atlanta, Georgia",Houston Rockets,Atlanta Hawks,"14,087",100.4,Sean Corbin, Mark Lindsay, Derek Richardson,36,33,28,22,0,119,118.6,103.6,25,26,25,28,0,104,103.6,118.6
15,201711030DAL,"8:30 PM, November 3, 2017",2018,"American Airlines Center, Dallas, Texas",New Orleans Pelicans,Dallas Mavericks,"19,894",101.3,Kane Fitzgerald, Karl Lane, Justin Van Duyne,28,27,20,24,0,99,97.8,92.8,25,21,17,31,0,94,92.8,97.8
16,201711030DEN,"9:00 PM, November 3, 2017",2018,"Pepsi Center, Denver, Colorado",Miami Heat,Denver Nuggets,"15,317",94.2,James Capers, Kevin Scott, Jonathan Sterling,37,21,13,23,0,94,99.8,100.9,28,23,25,19,0,95,100.9,99.8
17,201711030DET,"7:00 PM, November 3, 2017",2018,"Little Caesars Arena, Detroit, Michigan",Milwaukee Bucks,Detroit Pistons,"17,207",91.9,Derrick Collins, Kevin Cutler, Scott Wall,26,22,24,24,0,96,104.5,114.2,28,31,23,23,0,105,114.2,104.5
18,201711030LAL,"10:30 PM, November 3, 2017",2018,"STAPLES Center, Los Angeles, California",Brooklyn Nets,Los Angeles Lakers,"18,997",113.4,Brent Barnaky, Tyler Ford, Monty McCutchen,29,26,29,28,0,112,98.8,109.3,30,34,31,29,0,124,109.3,98.8
19,201711030NYK,"7:30 PM, November 3, 2017",2018,"Madison Square Garden (IV), New York, New York",Phoenix Suns,New York Knicks,"19,404",98.5,Vladimir Voyard-Tadal, James Williams, Sean Wright,19,31,26,31,0,107,108.6,121.8,32,33,27,28,0,120,121.8,108.6
20,201711030OKC,"9:30 PM, November 3, 2017",2018,"Chesapeake Energy Arena, Oklahoma City, Oklahoma",Boston Celtics,Oklahoma City Thunder,"18,203",92.0,Mike Callahan, Pat Fraher, Ben Taylor,18,19,30,34,0,101,109.8,102.2,31,24,16,23,0,94,102.2,109.8
21,201711030ORL,"7:00 PM, November 3, 2017",2018,"Amway Center, Orlando, Florida",Chicago Bulls,Orlando Magic,"19,171",94.3,Matt Boland, Phenizee Ransom, Zach Zarba,28,16,29,32,0,105,111.3,88.0,26,19,15,23,0,83,88.0,111.3
22,201711030PHI,"7:00 PM, November 3, 2017",2018,"Wells Fargo Center, Philadelphia, Pennsylvania",Indiana Pacers,Philadelphia 76ers,"20,668",104.0,Tony Brown, Scott Twardoski, Gary Zielinski,28,35,26,21,0,110,105.7,116.3,30,26,36,29,0,121,116.3,105.7
23,201711030SAS,"8:30 PM, November 3, 2017",2018,"AT&T Center, San Antonio, Texas",Charlotte Hornets,San Antonio Spurs,"18,418",99.0,Eric Lewis, Brett Nansel, Josh Tiven,19,26,26,30,0,101,102.0,109.1,25,24,31,28,0,108,109.1,102.0
24,201711030UTA,"9:00 PM, November 3, 2017",2018,"Vivint Smart Home Arena, Salt Lake City, Utah",Toronto Raptors,Utah Jazz,"16,258",91.8,Mark Ayotte, David Guthrie, J.T. Orr,29,24,36,20,0,109,118.8,109.0,26,28,28,18,0,100,109.0,118.8
25,201711030WAS,"7:00 PM, November 3, 2017",2018,"Capital One Arena, Washington, District of Columbia",Cleveland Cavaliers,Washington Wizards,"20,356",100.2,Nick Buchert, Bill Kennedy, Haywoode Workman,42,32,30,26,0,130,129.8,121.8,36,30,27,29,0,122,121.8,129.8
26,201711040CHI,"8:00 PM, November 4, 2017",2018,"United Center, Chicago, Illinois",New Orleans Pelicans,Chicago Bulls,"21,254",93.4,Eric Dalen, Ed Malloy, Randy Richardson,17,21,19,26,13,96,93.1,87.3,19,19,26,19,7,90,87.3,93.1
27,201711040DEN,"9:00 PM, November 4, 2017",2018,"Pepsi Center, Denver, Colorado",Golden State Warriors,Denver Nuggets,"19,711",104.0,David Guthrie, Lauren Holtkamp, Leon Wood,36,24,43,24,0,127,122.1,103.8,23,32,21,32,0,108,103.8,122.1
28,201711040DET,"7:00 PM, November 4, 2017",2018,"Little Caesars Arena, Detroit, Michigan",Sacramento Kings,Detroit Pistons,"17,683",93.6,Nick Buchert, Courtney Kirkland, Leroy Richardson,26,23,25,25,0,99,105.8,115.4,29,23,33,23,0,108,115.4,105.8
29,201711040LAC,"3:30 PM, November 4, 2017",2018,"STAPLES Center, Los Angeles, California",Memphis Grizzlies,Los Angeles Clippers,"14,777",92.7,Brian Forte, Ken Mauer, Dedric Taylor,27,33,27,26,0,113,121.8,112.1,25,31,24,24,0,104,112.1,121.8
30,201711040MIN,"8:00 PM, November 4, 2017",2018,"Target Center, Minneapolis, Minnesota",Dallas Mavericks,Minnesota Timberwolves,"16,837",96.3,Curtis Blair, Kevin Cutler, Scott Foster,18,31,20,30,0,99,102.8,116.3,27,32,34,19,0,112,116.3,102.8
31,201711050CLE,"3:00 PM, November 5, 2017",2018,"Quicken Loans Arena, Cleveland, Ohio",Atlanta Hawks,Cleveland Cavaliers,"20,562",102.2,Tony Brothers, Jason Goldenberg, Scott Wall,37,17,37,26,0,117,114.5,112.5,28,17,33,37,0,115,112.5,114.5
32,201711050HOU,"7:00 PM, November 5, 2017",2018,"Toyota Center, Houston, Texas",Utah Jazz,Houston Rockets,"16,914",102.3,Eric Lewis, Ben Taylor, Josh Tiven,28,21,36,25,0,110,107.5,133.9,39,28,48,22,0,137,133.9,107.5
33,201711050LAC,"3:30 PM, November 5, 2017",2018,"STAPLES Center, Los Angeles, California",Miami Heat,Los Angeles Clippers,"15,676",93.5,Brent Barnaky, Tyler Ford, Ron Garretson,34,28,27,15,0,104,111.3,108.1,20,29,17,35,0,101,108.1,111.3
34,201711050LAL,"9:30 PM, November 5, 2017",2018,"STAPLES Center, Los Angeles, California",Memphis Grizzlies,Los Angeles Lakers,"18,997",99.3,Mark Ayotte, James Capers, Jonathan Sterling,24,30,16,32,0,102,102.7,107.8,27,35,26,19,0,107,107.8,102.7
35,201711050MIN,"8:00 PM, November 5, 2017",2018,"Target Center, Minneapolis, Minnesota",Charlotte Hornets,Minnesota Timberwolves,"14,124",97.5,Mitchell Ervin, Bill Kennedy, Kevin Scott,28,23,28,15,0,94,96.4,114.9,28,40,29,15,0,112,114.9,96.4
36,201711050NYK,"7:30 PM, November 5, 2017",2018,"Madison Square Garden (IV), New York, New York",Indiana Pacers,New York Knicks,"17,889",93.6,Michael Smith, C.J. Washington, Tom Washington,33,29,22,17,0,101,107.9,115.4,25,24,23,36,0,108,115.4,107.9
37,201711050ORL,"6:00 PM, November 5, 2017",2018,"Amway Center, Orlando, Florida",Boston Celtics,Orlando Magic,"17,731",99.5,Sean Corbin, Kane Fitzgerald, Haywoode Workman,22,27,28,27,0,104,104.5,88.5,20,18,31,19,0,88,88.5,104.5
38,201711050POR,"9:00 PM, November 5, 2017",2018,"Moda Center, Portland, Oregon",Oklahoma City Thunder,Portland Trail Blazers,"19,393",98.2,Tre Maddox, Rodney Mott, J.T. Orr,20,26,21,32,0,99,100.8,104.8,28,22,28,25,0,103,104.8,100.8
39,201711050SAS,"7:00 PM, November 5, 2017",2018,"AT&T Center, San Antonio, Texas",Phoenix Suns,San Antonio Spurs,"18,038",95.9,Mike Callahan, Karl Lane, Aaron Smith,20,35,13,27,0,95,99.1,116.8,28,23,34,27,0,112,116.8,99.1
40,201711050TOR,"6:00 PM, November 5, 2017",2018,"Air Canada Centre, Toronto, Canada",Washington Wizards,Toronto Raptors,"19,800",95.8,Tony Brown, J.B. DeRosa, Gary Zielinski,32,30,22,23,0,107,111.7,100.2,17,29,30,20,0,96,100.2,111.7
41,201711060ATL,"7:30 PM, November 6, 2017",2018,"Philips Arena, Atlanta, Georgia",Boston Celtics,Atlanta Hawks,"13,215",96.0,Eric Dalen, Marc Davis, Jacyn Goble,26,28,28,28,0,110,114.6,111.5,25,29,21,32,0,107,111.5,114.6
42,201711060GSW,"10:30 PM, November 6, 2017",2018,"Oracle Arena, Oakland, California",Miami Heat,Golden State Warriors,"19,596",98.1,Mark Ayotte, Brian Forte, Dedric Taylor,21,16,20,23,0,80,81.5,98.8,22,28,25,22,0,97,98.8,81.5
43,201711060PHO,"9:00 PM, November 6, 2017",2018,"Talking Stick Resort Arena, Phoenix, Arizona",Brooklyn Nets,Phoenix Suns,"15,905",101.3,David Guthrie, Lauren Holtkamp, Ken Mauer,28,19,25,26,0,98,96.7,90.8,19,22,27,24,0,92,90.8,96.7
44,201711070CLE,"7:00 PM, November 7, 2017",2018,"Quicken Loans Arena, Cleveland, Ohio",Milwaukee Bucks,Cleveland Cavaliers,"20,562",96.3,Mike Callahan, Scott Twardoski, Gary Zielinski,28,39,23,29,0,119,123.6,128.7,39,26,29,30,0,124,128.7,123.6
45,201711070DEN,"9:00 PM, November 7, 2017",2018,"Pepsi Center, Denver, Colorado",Brooklyn Nets,Denver Nuggets,"14,058",111.7,Courtney Kirkland, Rodney Mott, Ben Taylor,21,25,27,31,0,104,93.1,100.2,28,29,36,19,0,112,100.2,93.1
46,201711070IND,"7:00 PM, November 7, 2017",2018,"Bankers Life Fieldhouse, Indianapolis, Indiana",New Orleans Pelicans,Indiana Pacers,"15,014",96.1,Brandon Adair, Matt Boland, Marc Davis,34,27,35,21,0,117,121.7,116.5,37,38,19,18,0,112,116.5,121.7
47,201711070NYK,"7:30 PM, November 7, 2017",2018,"Madison Square Garden (IV), New York, New York",Charlotte Hornets,New York Knicks,"18,704",92.1,John Goble, Scott Wall, Haywoode Workman,41,28,25,19,0,113,122.7,128.1,32,26,25,35,0,118,128.1,122.7
48,201711070POR,"10:00 PM, November 7, 2017",2018,"Moda Center, Portland, Oregon",Memphis Grizzlies,Portland Trail Blazers,"18,692",92.1,Nick Buchert, Pat Fraher, Justin Van Duyne,23,24,27,24,0,98,106.4,105.3,21,29,21,26,0,97,105.3,106.4
49,201711070SAC,"10:00 PM, November 7, 2017",2018,"Golden 1 Center, Sacramento, California",Oklahoma City Thunder,Sacramento Kings,"17,583",99.8,James Capers, Kevin Cutler, Brian Forte,25,16,16,29,0,86,86.2,94.2,10,32,25,27,0,94,94.2,86.2
50,201711070SAS,"8:30 PM, November 7, 2017",2018,"AT&T Center, San Antonio, Texas",Los Angeles Clippers,San Antonio Spurs,"18,418",93.8,Mitchell Ervin, James Williams, Sean Wright,26,29,21,31,0,107,114.0,127.9,32,20,40,28,0,120,127.9,114.0
51,201711070TOR,"7:30 PM, November 7, 2017",2018,"Air Canada Centre, Toronto, Canada",Chicago Bulls,Toronto Raptors,"19,800",96.5,Jason Goldenberg, Kevin Scott, Derrick Stafford,26,19,36,33,0,114,118.1,123.3,29,36,33,21,0,119,123.3,118.1
52,201711070UTA,"9:00 PM, November 7, 2017",2018,"Vivint Smart Home Arena, Salt Lake City, Utah",Philadelphia 76ers,Utah Jazz,"16,063",106.5,Bennie Adams, Brent Barnaky, Leon Wood,32,14,34,24,0,104,97.6,91.1,21,23,27,26,0,97,91.1,97.6
53,201711070WAS,"7:00 PM, November 7, 2017",2018,"Capital One Arena, Washington, District of Columbia",Dallas Mavericks,Washington Wizards,"14,505",98.9,Mark Lindsay, Leroy Richardson, Josh Tiven,36,28,26,23,0,113,114.3,100.1,34,19,23,23,0,99,100.1,114.3
54,201711080BOS,"8:00 PM, November 8, 2017",2018,"TD Garden, Boston, Massachusetts",Los Angeles Lakers,Boston Celtics,"18,624",101.9,Eric Lewis, Kevin Scott, Zach Zarba,16,36,29,15,0,96,94.2,105.0,33,28,26,20,0,107,105.0,94.2
55,201711080DET,"7:00 PM, November 8, 2017",2018,"Little Caesars Arena, Detroit, Michigan",Indiana Pacers,Detroit Pistons,"14,407",100.9,Sean Corbin, Karl Lane, Derek Richardson,30,22,23,22,0,97,96.1,113.0,22,37,23,32,0,114,113.0,96.1
56,201711080GSW,"10:30 PM, November 8, 2017",2018,"Oracle Arena, Oakland, California",Minnesota Timberwolves,Golden State Warriors,"19,596",106.7,Derrick Collins, Ken Mauer, Gediminas Petraitis,22,28,26,25,0,101,94.7,117.1,22,29,44,30,0,125,117.1,94.7
57,201711080ORL,"7:00 PM, November 8, 2017",2018,"Amway Center, Orlando, Florida",New York Knicks,Orlando Magic,"18,803",94.2,Curtis Blair, Tyler Ford, Monty McCutchen,28,22,26,23,0,99,105.1,118.9,27,27,30,28,0,112,118.9,105.1
58,201711080PHO,"9:00 PM, November 8, 2017",2018,"Talking Stick Resort Arena, Phoenix, Arizona",Miami Heat,Phoenix Suns,"16,500",101.1,Bill Kennedy, Courtney Kirkland, Brett Nansel,36,33,25,32,0,126,124.7,113.8,27,27,32,29,0,115,113.8,124.7
59,201711090DEN,"10:30 PM, November 9, 2017",2018,"Pepsi Center, Denver, Colorado",Oklahoma City Thunder,Denver Nuggets,"19,520",91.7,Brent Barnaky, Ed Malloy, Scott Twardoski,28,25,22,19,0,94,102.5,111.2,22,29,24,27,0,102,111.2,102.5
60,201711090HOU,"8:00 PM, November 9, 2017",2018,"Toyota Center, Houston, Texas",Cleveland Cavaliers,Houston Rockets,"18,055",97.0,Tony Brown, Scott Foster, Marat Kogut,25,42,26,20,0,113,116.5,120.6,36,29,35,17,0,117,120.6,116.5
61,201711090SAC,"10:00 PM, November 9, 2017",2018,"Golden 1 Center, Sacramento, California",Philadelphia 76ers,Sacramento Kings,"17,583",102.6,Nick Buchert, Pat Fraher, Gediminas Petraitis,26,31,24,27,0,108,105.3,106.2,26,38,20,25,0,109,106.2,105.3
62,201711090TOR,"7:30 PM, November 9, 2017",2018,"Air Canada Centre, Toronto, Canada",New Orleans Pelicans,Toronto Raptors,"19,800",103.7,Ron Garretson, Eric Lewis, Tre Maddox,32,28,32,26,0,118,113.8,117.6,34,32,26,30,0,122,117.6,113.8
63,201711090WAS,"7:00 PM, November 9, 2017",2018,"Capital One Arena, Washington, District of Columbia",Los Angeles Lakers,Washington Wizards,"20,356",102.4,Eric Dalen, Jason Goldenberg, Derrick Stafford,34,22,21,18,0,95,92.7,108.4,37,32,22,20,0,111,108.4,92.7
64,201711100BOS,"7:30 PM, November 10, 2017",2018,"TD Garden, Boston, Massachusetts",Charlotte Hornets,Boston Celtics,"18,624",97.9,Curtis Blair, Leroy Richardson, Sean Wright,26,31,19,11,0,87,88.9,91.9,11,30,23,26,0,90,91.9,88.9
65,201711100CHI,"8:00 PM, November 10, 2017",2018,"United Center, Chicago, Illinois",Indiana Pacers,Chicago Bulls,"22,416",97.8,Mark Ayotte, Tyler Ford, John Goble,27,18,35,25,0,105,107.4,89.0,16,19,26,26,0,87,89.0,107.4
66,201711100DET,"7:00 PM, November 10, 2017",2018,"Little Caesars Arena, Detroit, Michigan",Atlanta Hawks,Detroit Pistons,"16,687",96.4,Lauren Holtkamp, Josh Tiven, James Williams,22,19,28,35,0,104,107.9,115.2,26,31,19,35,0,111,115.2,107.9
67,201711100OKC,"9:00 PM, November 10, 2017",2018,"Chesapeake Energy Arena, Oklahoma City, Oklahoma",Los Angeles Clippers,Oklahoma City Thunder,"18,203",95.5,Kane Fitzgerald, Courtney Kirkland, Derek Richardson,31,24,31,25,0,111,116.2,125.7,30,33,31,26,0,120,125.7,116.2
68,201711100PHO,"9:00 PM, November 10, 2017",2018,"Talking Stick Resort Arena, Phoenix, Arizona",Orlando Magic,Phoenix Suns,"16,507",107.4,Bennie Adams, Matt Boland, Justin Van Duyne,36,28,33,31,0,128,119.2,104.3,32,31,20,29,0,112,104.3,119.2
69,201711100POR,"10:00 PM, November 10, 2017",2018,"Moda Center, Portland, Oregon",Brooklyn Nets,Portland Trail Blazers,"19,393",95.8,Bill Kennedy, Brett Nansel, Leon Wood,21,25,31,24,0,101,105.4,101.2,28,24,18,27,0,97,101.2,105.4
70,201711100SAS,"9:00 PM, November 10, 2017",2018,"AT&T Center, San Antonio, Texas",Milwaukee Bucks,San Antonio Spurs,"18,418",93.8,Tony Brothers, Rodney Mott, Dedric Taylor,25,21,30,18,0,94,100.2,92.7,27,20,23,17,0,87,92.7,100.2
71,201711100UTA,"9:00 PM, November 10, 2017",2018,"Vivint Smart Home Arena, Salt Lake City, Utah",Miami Heat,Utah Jazz,"18,306",95.1,Derrick Collins, Haywoode Workman, Gary Zielinski,25,12,20,27,0,84,88.3,77.8,22,27,8,17,0,74,77.8,88.3
72,201711110DAL,"8:30 PM, November 11, 2017",2018,"American Airlines Center, Dallas, Texas",Cleveland Cavaliers,Dallas Mavericks,"20,378",100.6,Monty McCutchen, Rodney Mott, Dedric Taylor,29,20,34,28,0,111,110.4,103.4,23,29,22,30,0,104,103.4,110.4
73,201711110DEN,"9:00 PM, November 11, 2017",2018,"Pepsi Center, Denver, Colorado",Orlando Magic,Denver Nuggets,"16,688",97.1,Marc Davis, Michael Smith, Vladimir Voyard-Tadal,23,24,30,30,0,107,110.2,128.8,39,31,28,27,0,125,128.8,110.2
74,201711110GSW,"8:30 PM, November 11, 2017",2018,"Oracle Arena, Oakland, California",Philadelphia 76ers,Golden State Warriors,"19,596",107.9,Tony Brown, Marat Kogut, Mark Lindsay,28,36,21,29,0,114,105.6,125.1,32,33,36,34,0,135,125.1,105.6
75,201711110HOU,"8:00 PM, November 11, 2017",2018,"Toyota Center, Houston, Texas",Memphis Grizzlies,Houston Rockets,"18,055",98.7,Jacyn Goble, Kevin Scott, Tom Washington,22,28,20,26,0,96,97.3,112.5,33,29,31,18,0,111,112.5,97.3
76,201711110MIL,"8:30 PM, November 11, 2017",2018,"BMO Harris Bradley Center, Milwaukee, Wisconsin",Los Angeles Lakers,Milwaukee Bucks,"18,717",99.2,Ray Acosta, Mark Ayotte, James Capers,17,32,18,23,0,90,90.7,98.8,24,27,26,21,0,98,98.8,90.7
77,201711110NOP,"7:00 PM, November 11, 2017",2018,"Smoothie King Center, New Orleans, Louisiana",Los Angeles Clippers,New Orleans Pelicans,"17,624",101.6,Kevin Cutler, David Guthrie, Aaron Smith,26,32,24,21,0,103,101.3,109.2,31,32,25,23,0,111,109.2,101.3
78,201711110NYK,"8:00 PM, November 11, 2017",2018,"Madison Square Garden (IV), New York, New York",Sacramento Kings,New York Knicks,"19,812",94.4,Ron Garretson, Jason Goldenberg, Ben Taylor,23,26,17,25,0,91,96.4,124.9,32,32,26,28,0,118,124.9,96.4
79,201711110PHO,"9:00 PM, November 11, 2017",2018,"Talking Stick Resort Arena, Phoenix, Arizona",Minnesota Timberwolves,Phoenix Suns,"16,910",103.0,Nick Buchert, Pat Fraher, Haywoode Workman,28,32,28,22,0,110,106.8,114.5,19,37,29,33,0,118,114.5,106.8
80,201711110SAS,"8:30 PM, November 11, 2017",2018,"AT&T Center, San Antonio, Texas",Chicago Bulls,San Antonio Spurs,"18,418",96.6,Brian Forte, Scott Foster, C.J. Washington,15,32,23,24,0,94,97.3,137.7,37,26,34,36,0,133,137.7,97.3
81,201711110UTA,"9:00 PM, November 11, 2017",2018,"Vivint Smart Home Arena, Salt Lake City, Utah",Brooklyn Nets,Utah Jazz,"17,413",98.0,Matt Boland, Ed Malloy, Gediminas Petraitis,25,20,30,31,0,106,108.2,116.3,25,36,24,29,0,114,116.3,108.2
82,201711110WAS,"7:00 PM, November 11, 2017",2018,"Capital One Arena, Washington, District of Columbia",Atlanta Hawks,Washington Wizards,"17,260",100.2,Tre Maddox, Ken Mauer, Jonathan Sterling,19,23,25,27,0,94,93.8,112.8,20,29,27,37,0,113,112.8,93.8
83,201711120BOS,"3:30 PM, November 12, 2017",2018,"TD Garden, Boston, Massachusetts",Toronto Raptors,Boston Celtics,"18,624",89.4,John Goble, Lauren Holtkamp, Karl Lane,24,25,27,18,0,94,105.1,106.2,24,20,33,18,0,95,106.2,105.1
84,201711120DET,"4:00 PM, November 12, 2017",2018,"Little Caesars Arena, Detroit, Michigan",Miami Heat,Detroit Pistons,"16,236",96.7,Tyler Ford, J.T. Orr, Sean Wright,29,29,23,22,0,103,106.5,115.8,31,24,28,29,0,112,115.8,106.5
85,201711120IND,"6:00 PM, November 12, 2017",2018,"Bankers Life Fieldhouse, Indianapolis, Indiana",Houston Rockets,Indiana Pacers,"15,581",97.7,Kane Fitzgerald, Ben Taylor, Scott Wall,35,28,24,31,0,118,120.8,97.3,18,33,20,24,0,95,97.3,120.8
86,201711120OKC,"7:00 PM, November 12, 2017",2018,"Chesapeake Energy Arena, Oklahoma City, Oklahoma",Dallas Mavericks,Oklahoma City Thunder,"18,203",98.9,Bennie Adams, Sean Corbin, Jacyn Goble,20,22,25,32,0,99,100.1,113.2,18,26,39,29,0,112,113.2,100.1
87,201711130GSW,"10:30 PM, November 13, 2017",2018,"Oracle Arena, Oakland, California",Orlando Magic,Golden State Warriors,"19,596",99.1,Eric Lewis, Haywoode Workman, Gary Zielinski,29,27,19,25,0,100,100.9,111.0,27,29,32,22,0,110,111.0,100.9
88,201711130LAC,"10:30 PM, November 13, 2017",2018,"STAPLES Center, Los Angeles, California",Philadelphia 76ers,Los Angeles Clippers,"19,068",100.0,Matt Boland, Vladimir Voyard-Tadal, Zach Zarba,36,19,22,32,0,109,109.0,105.0,28,25,26,26,0,105,105.0,109.0
89,201711130MIL,"8:00 PM, November 13, 2017",2018,"BMO Harris Bradley Center, Milwaukee, Wisconsin",Memphis Grizzlies,Milwaukee Bucks,"13,244",89.0,Derrick Collins, Mitchell Ervin, Ron Garretson,29,36,12,26,0,103,115.7,123.6,34,26,24,26,0,110,123.6,115.7
90,201711130NOP,"8:00 PM, November 13, 2017",2018,"Smoothie King Center, New Orleans, Louisiana",Atlanta Hawks,New Orleans Pelicans,"14,631",93.7,Rodney Mott, Tom Washington, Leon Wood,32,18,30,25,0,105,112.0,113.1,23,22,33,28,0,106,113.1,112.0
91,201711130NYK,"7:30 PM, November 13, 2017",2018,"Madison Square Garden (IV), New York, New York",Cleveland Cavaliers,New York Knicks,"19,812",100.0,Brent Barnaky, Tony Brothers, Tre Maddox,25,13,23,43,0,104,104.0,101.0,22,29,25,25,0,101,101.0,104.0
92,201711130PHO,"9:00 PM, November 13, 2017",2018,"Talking Stick Resort Arena, Phoenix, Arizona",Los Angeles Lakers,Phoenix Suns,"17,533",104.5,Marat Kogut, Ed Malloy, Gediminas Petraitis,21,22,31,26,0,100,95.7,89.0,20,24,29,20,0,93,89.0,95.7
93,201711130POR,"10:00 PM, November 13, 2017",2018,"Moda Center, Portland, Oregon",Denver Nuggets,Portland Trail Blazers,"18,895",93.4,Tony Brown, Mark Lindsay, Derek Richardson,21,28,17,16,0,82,87.8,106.0,25,29,30,15,0,99,106.0,87.8
94,201711130UTA,"9:00 PM, November 13, 2017",2018,"Vivint Smart Home Arena, Salt Lake City, Utah",Minnesota Timberwolves,Utah Jazz,"17,236",92.6,Marc Davis, Randy Richardson, Michael Smith,33,24,31,21,0,109,117.7,105.9,14,28,23,33,0,98,105.9,117.7
95,201711130WAS,"7:00 PM, November 13, 2017",2018,"Capital One Arena, Washington, District of Columbia",Sacramento Kings,Washington Wizards,"14,660",89.7,Mark Ayotte, David Guthrie, J.T. Orr,32,19,20,21,0,92,102.5,122.6,25,32,29,24,0,110,122.6,102.5
96,201711140BRK,"7:30 PM, November 14, 2017",2018,"Barclays Center, Brooklyn, New York",Boston Celtics,Brooklyn Nets,"17,732",99.5,Kevin Cutler, Ken Mauer, James Williams,30,22,28,29,0,109,109.5,102.5,21,31,19,31,0,102,102.5,109.5
97,201711140DAL,"8:30 PM, November 14, 2017",2018,"American Airlines Center, Dallas, Texas",San Antonio Spurs,Dallas Mavericks,"19,535",95.2,Mike Callahan, Kevin Scott, Scott Wall,17,27,18,35,0,97,101.9,95.6,16,23,21,31,0,91,95.6,101.9
98,201711140HOU,"8:00 PM, November 14, 2017",2018,"Toyota Center, Houston, Texas",Toronto Raptors,Houston Rockets,"18,055",100.4,Bennie Adams, Sean Corbin, Brett Nansel,31,45,27,26,0,129,128.5,112.5,33,31,30,19,0,113,112.5,128.5
99,201711150ATL,"7:30 PM, November 15, 2017",2018,"Philips Arena, Atlanta, Georgia",Sacramento Kings,Atlanta Hawks,"13,860",94.4,Tony Brothers, Derrick Collins, Brett Nansel,16,19,26,19,0,80,84.7,133.4,24,40,28,34,0,126,133.4,84.7
100,201711150CHO,"8:00 PM, November 15, 2017",2018,"Spectrum Center, Charlotte, North Carolina",Cleveland Cavaliers,Charlotte Hornets,"19,427",99.4,Eric Dalen, Courtney Kirkland, Derrick Stafford,36,25,27,27,0,115,115.7,107.7,30,37,17,23,0,107,107.7,115.7
101,201711150LAL,"10:30 PM, November 15, 2017",2018,"STAPLES Center, Los Angeles, California",Philadelphia 76ers,Los Angeles Lakers,"18,997",105.1,Marc Davis, Eric Lewis, Michael Smith,29,29,25,32,0,115,109.4,103.7,26,28,30,25,0,109,103.7,109.4
102,201711150MEM,"8:00 PM, November 15, 2017",2018,"FedEx Forum, Memphis, Tennessee",Indiana Pacers,Memphis Grizzlies,"16,033",98.0,Bill Kennedy, Rodney Mott, Jonathan Sterling,34,33,30,19,0,116,118.4,115.3,25,28,31,29,0,113,115.3,118.4
103,201711150MIA,"7:30 PM, November 15, 2017",2018,"AmericanAirlines Arena, Miami, Florida",Washington Wizards,Miami Heat,"19,600",88.7,Scott Foster, Leroy Richardson, Leon Wood,30,31,10,31,0,102,115.0,104.9,19,30,25,19,0,93,104.9,115.0
104,201711150MIL,"8:00 PM, November 15, 2017",2018,"BMO Harris Bradley Center, Milwaukee, Wisconsin",Detroit Pistons,Milwaukee Bucks,"14,594",89.4,John Goble, Ben Taylor, Justin Van Duyne,23,18,21,33,0,95,106.3,110.8,26,15,34,24,0,99,110.8,106.3
105,201711150MIN,"8:00 PM, November 15, 2017",2018,"Target Center, Minneapolis, Minnesota",San Antonio Spurs,Minnesota Timberwolves,"18,978",86.2,Tony Brown, Mark Lindsay, J.T. Orr,24,19,22,21,0,86,99.8,113.7,18,39,18,23,0,98,113.7,99.8
106,201711150NOP,"8:00 PM, November 15, 2017",2018,"Smoothie King Center, New Orleans, Louisiana",Toronto Raptors,New Orleans Pelicans,"15,654",98.4,Brian Forte, Kevin Scott, Haywoode Workman,29,35,34,27,0,125,127.1,117.9,34,29,23,30,0,116,117.9,127.1
107,201711150NYK,"7:30 PM, November 15, 2017",2018,"Madison Square Garden (IV), New York, New York",Utah Jazz,New York Knicks,"18,695",88.3,Mark Ayotte, Jacyn Goble, Monty McCutchen,30,30,22,19,0,101,114.3,120.0,27,23,27,29,0,106,120.0,114.3
108,201711150OKC,"8:00 PM, November 15, 2017",2018,"Chesapeake Energy Arena, Oklahoma City, Oklahoma",Chicago Bulls,Oklahoma City Thunder,"18,203",87.9,Lauren Holtkamp, Josh Tiven, Sean Wright,7,27,22,23,0,79,89.8,104.6,27,31,19,15,0,92,104.6,89.8
109,201711150POR,"10:00 PM, November 15, 2017",2018,"Moda Center, Portland, Oregon",Orlando Magic,Portland Trail Blazers,"19,206",90.8,Marat Kogut, Randy Richardson, Zach Zarba,33,14,24,23,0,94,103.5,109.0,24,27,24,24,0,99,109.0,103.5
110,201711160BOS,"8:00 PM, November 16, 2017",2018,"TD Garden, Boston, Massachusetts",Golden State Warriors,Boston Celtics,"18,624",99.1,James Capers, Tyler Ford, Pat Fraher,28,19,21,20,0,88,88.8,92.8,18,24,26,24,0,92,92.8,88.8
111,201711160PHO,"10:30 PM, November 16, 2017",2018,"Talking Stick Resort Arena, Phoenix, Arizona",Houston Rockets,Phoenix Suns,"16,875",106.9,Karl Lane, Bill Spooner, Scott Twardoski,45,45,30,22,0,142,132.8,108.5,23,42,26,25,0,116,108.5,132.8
112,201711170BRK,"7:30 PM, November 17, 2017",2018,"Barclays Center, Brooklyn, New York",Utah Jazz,Brooklyn Nets,"14,495",96.5,Curtis Blair, Nick Buchert, Scott Foster,25,24,31,27,0,107,110.8,122.2,39,26,24,29,0,118,122.2,110.8
113,201711170CHI,"8:00 PM, November 17, 2017",2018,"United Center, Chicago, Illinois",Charlotte Hornets,Chicago Bulls,"20,493",101.7,Marc Davis, Brian Forte, Gediminas Petraitis,27,33,32,28,0,120,118.0,120.9,26,34,23,40,0,123,120.9,118.0
114,201711170CLE,"7:30 PM, November 17, 2017",2018,"Quicken Loans Arena, Cleveland, Ohio",Los Angeles Clippers,Cleveland Cavaliers,"20,562",98.6,Sean Corbin, Ed Malloy, Leon Wood,27,29,25,24,8,113,103.8,108.3,24,32,22,27,13,118,108.3,103.8
115,201711170DAL,"8:30 PM, November 17, 2017",2018,"American Airlines Center, Dallas, Texas",Minnesota Timberwolves,Dallas Mavericks,"19,459",90.4,Eric Dalen, Ron Garretson, Brett Nansel,24,19,31,37,0,111,122.8,96.2,29,26,17,15,0,87,96.2,122.8
116,201711170DEN,"10:30 PM, November 17, 2017",2018,"Pepsi Center, Denver, Colorado",New Orleans Pelicans,Denver Nuggets,"16,816",98.7,Kevin Cutler, Marat Kogut, Sean Wright,19,37,24,34,0,114,115.5,148.0,37,27,42,40,0,146,148.0,115.5
117,201711170IND,"7:00 PM, November 17, 2017",2018,"Bankers Life Fieldhouse, Indianapolis, Indiana",Detroit Pistons,Indiana Pacers,"17,188",93.5,J.B. DeRosa, Derrick Stafford, Josh Tiven,32,26,23,19,0,100,107.0,114.5,23,24,24,36,0,107,114.5,107.0
118,201711170LAL,"10:30 PM, November 17, 2017",2018,"STAPLES Center, Los Angeles, California",Phoenix Suns,Los Angeles Lakers,"18,997",111.2,Tre Maddox, Randy Richardson, Zach Zarba,29,36,24,33,0,122,109.8,101.7,28,25,29,31,0,113,101.7,109.8
119,201711170SAC,"10:00 PM, November 17, 2017",2018,"Golden 1 Center, Sacramento, California",Portland Trail Blazers,Sacramento Kings,"17,583",90.1,Eric Lewis, C.J. Washington, Gary Zielinski,20,21,19,22,0,82,91.0,95.5,19,23,18,26,0,86,95.5,91.0
120,201711170SAS,"8:00 PM, November 17, 2017",2018,"AT&T Center, San Antonio, Texas",Oklahoma City Thunder,San Antonio Spurs,"18,418",88.7,David Guthrie, Bill Kennedy, Leroy Richardson,32,23,23,23,0,101,113.9,117.3,15,33,30,26,0,104,117.3,113.9
121,201711170TOR,"7:30 PM, November 17, 2017",2018,"Air Canada Centre, Toronto, Canada",New York Knicks,Toronto Raptors,"19,800",89.9,Derrick Collins, Kane Fitzgerald, Dedric Taylor,18,18,28,20,0,84,93.4,119.0,30,24,24,29,0,107,119.0,93.4
122,201711170WAS,"7:00 PM, November 17, 2017",2018,"Capital One Arena, Washington, District of Columbia",Miami Heat,Washington Wizards,"17,551",94.5,Mike Callahan, Justin Van Duyne, Scott Wall,26,24,16,25,0,91,96.3,93.1,17,12,28,31,0,88,93.1,96.3
123,201711180ATL,"7:30 PM, November 18, 2017",2018,"Philips Arena, Atlanta, Georgia",Boston Celtics,Atlanta Hawks,"16,381",93.1,Courtney Kirkland, Mark Lindsay, Justin Van Duyne,20,24,36,30,0,110,118.2,106.4,35,15,27,22,0,99,106.4,118.2
124,201711180CHO,"7:00 PM, November 18, 2017",2018,"Spectrum Center, Charlotte, North Carolina",Los Angeles Clippers,Charlotte Hornets,"17,640",96.7,John Goble, Phenizee Ransom, Michael Smith,24,22,25,16,0,87,90.0,105.5,25,30,18,29,0,102,105.5,90.0
125,201711180DAL,"9:00 PM, November 18, 2017",2018,"American Airlines Center, Dallas, Texas",Milwaukee Bucks,Dallas Mavericks,"19,949",92.4,Matt Boland, Jacyn Goble, Tom Washington,24,20,17,18,0,79,85.5,120.1,33,23,26,29,0,111,120.1,85.5
126,201711180MEM,"8:00 PM, November 18, 2017",2018,"FedEx Forum, Memphis, Tennessee",Houston Rockets,Memphis Grizzlies,"17,266",90.4,Tony Brown, Ken Mauer, Aaron Smith,33,26,23,23,0,105,116.1,91.8,25,25,17,16,0,83,91.8,116.1
127,201711180ORL,"7:00 PM, November 18, 2017",2018,"Amway Center, Orlando, Florida",Utah Jazz,Orlando Magic,"19,157",97.1,James Capers, Kevin Scott, Jonathan Sterling,29,34,34,28,0,125,128.7,87.5,26,22,19,18,0,85,87.5,128.7
128,201711180PHI,"7:30 PM, November 18, 2017",2018,"Wells Fargo Center, Philadelphia, Pennsylvania",Golden State Warriors,Philadelphia 76ers,"20,848",100.5,Bennie Adams, Tony Brothers, Lauren Holtkamp,28,24,47,25,0,124,123.3,115.4,47,27,15,27,0,116,115.4,123.3
129,201711180POR,"10:00 PM, November 18, 2017",2018,"Moda Center, Portland, Oregon",Sacramento Kings,Portland Trail Blazers,"19,522",93.1,Mitchell Ervin, Karl Lane, Bill Spooner,20,21,22,27,0,90,96.7,109.6,21,32,27,22,0,102,109.6,96.7
130,201711190BRK,"6:00 PM, November 19, 2017",2018,"Barclays Center, Brooklyn, New York",Golden State Warriors,Brooklyn Nets,"17,732",109.1,Kane Fitzgerald, Ben Taylor, Scott Wall,32,32,34,20,0,118,108.1,101.7,20,22,42,27,0,111,101.7,108.1
131,201711190LAL,"9:30 PM, November 19, 2017",2018,"STAPLES Center, Los Angeles, California",Denver Nuggets,Los Angeles Lakers,"18,997",103.4,Mitchell Ervin, Karl Lane, Rodney Mott,26,22,36,25,0,109,105.4,122.9,32,38,29,28,0,127,122.9,105.4
132,201711190MIA,"5:00 PM, November 19, 2017",2018,"AmericanAirlines Arena, Miami, Florida",Indiana Pacers,Miami Heat,"19,600",90.6,Derrick Collins, David Guthrie, Haywoode Workman,29,29,32,30,0,120,132.4,104.8,27,28,13,27,0,95,104.8,132.4
133,201711190MIN,"7:00 PM, November 19, 2017",2018,"Target Center, Minneapolis, Minnesota",Detroit Pistons,Minnesota Timberwolves,"16,069",97.8,Sean Corbin, Gediminas Petraitis, Leon Wood,22,27,22,29,0,100,102.3,99.2,24,29,27,17,0,97,99.2,102.3
134,201711190PHO,"8:00 PM, November 19, 2017",2018,"Talking Stick Resort Arena, Phoenix, Arizona",Chicago Bulls,Phoenix Suns,"16,264",101.5,Eric Dalen, Ron Garretson, C.J. Washington,37,19,28,21,0,105,103.5,111.4,30,31,24,28,0,113,111.4,103.5
135,201711190TOR,"3:30 PM, November 19, 2017",2018,"Air Canada Centre, Toronto, Canada",Washington Wizards,Toronto Raptors,"19,800",92.1,Brent Barnaky, Curtis Blair, Ed Malloy,28,27,21,15,0,91,98.8,108.5,28,32,19,21,0,100,108.5,98.8
136,201711200CHO,"7:00 PM, November 20, 2017",2018,"Spectrum Center, Charlotte, North Carolina",Minnesota Timberwolves,Charlotte Hornets,"15,978",100.0,Bennie Adams, Curtis Blair, James Williams,24,28,28,22,0,102,102.0,118.1,26,29,29,34,0,118,118.1,102.0
137,201711200DAL,"8:30 PM, November 20, 2017",2018,"American Airlines Center, Dallas, Texas",Boston Celtics,Dallas Mavericks,"20,302",95.9,Mark Ayotte, Brian Forte, J.T. Orr,34,19,16,27,14,110,103.9,96.3,22,27,28,19,6,102,96.3,103.9
138,201711200DET,"7:00 PM, November 20, 2017",2018,"Little Caesars Arena, Detroit, Michigan",Cleveland Cavaliers,Detroit Pistons,"20,491",89.0,Brent Barnaky, Jason Goldenberg, Tom Washington,36,37,28,15,0,116,130.4,98.9,23,23,16,26,0,88,98.9,130.4
139,201711200MEM,"8:00 PM, November 20, 2017",2018,"FedEx Forum, Memphis, Tennessee",Portland Trail Blazers,Memphis Grizzlies,"15,785",95.2,Tony Brothers, Jacyn Goble, Mark Lindsay,23,32,17,28,0,100,105.0,96.6,24,22,25,21,0,92,96.6,105.0
140,201711200MIL,"8:00 PM, November 20, 2017",2018,"BMO Harris Bradley Center, Milwaukee, Wisconsin",Washington Wizards,Milwaukee Bucks,"16,122",88.7,Courtney Kirkland, Gediminas Petraitis, Michael Smith,27,20,26,26,0,99,111.6,99.2,19,27,20,22,0,88,99.2,111.6
141,201711200NOP,"8:00 PM, November 20, 2017",2018,"Smoothie King Center, New Orleans, Louisiana",Oklahoma City Thunder,New Orleans Pelicans,"16,765",103.9,Nick Buchert, Derrick Collins, Justin Van Duyne,33,32,21,21,0,107,102.9,109.7,24,33,30,27,0,114,109.7,102.9
142,201711200NYK,"7:30 PM, November 20, 2017",2018,"Madison Square Garden (IV), New York, New York",Los Angeles Clippers,New York Knicks,"18,848",96.9,Tony Brown, Marat Kogut, Josh Tiven,20,24,24,17,0,85,87.7,110.4,20,36,27,24,0,107,110.4,87.7
143,201711200ORL,"7:00 PM, November 20, 2017",2018,"Amway Center, Orlando, Florida",Indiana Pacers,Orlando Magic,"17,239",103.5,Ken Mauer, Leroy Richardson, Dedric Taylor,34,16,28,27,0,105,101.4,93.7,31,24,17,25,0,97,93.7,101.4
144,201711200PHI,"7:00 PM, November 20, 2017",2018,"Wells Fargo Center, Philadelphia, Pennsylvania",Utah Jazz,Philadelphia 76ers,"20,587",100.3,Ray Acosta, David Guthrie, Derrick Stafford,15,21,27,23,0,86,85.7,106.6,25,22,28,32,0,107,106.6,85.7
145,201711200SAC,"10:00 PM, November 20, 2017",2018,"Golden 1 Center, Sacramento, California",Denver Nuggets,Sacramento Kings,"17,583",93.6,Eric Dalen, Bill Kennedy, Derek Richardson,22,25,34,33,0,114,121.8,104.7,22,25,23,28,0,98,104.7,121.8
146,201711200SAS,"8:30 PM, November 20, 2017",2018,"AT&T Center, San Antonio, Texas",Atlanta Hawks,San Antonio Spurs,"18,418",92.8,Matt Boland, Pat Fraher, Aaron Smith,22,16,27,20,0,85,91.5,103.4,24,22,24,26,0,96,103.4,91.5
147,201711210LAL,"10:30 PM, November 21, 2017",2018,"STAPLES Center, Los Angeles, California",Chicago Bulls,Los Angeles Lakers,"18,997",98.1,Brett Nansel, Bill Spooner, Gary Zielinski,27,29,19,19,0,94,95.8,105.0,23,19,30,31,0,103,105.0,95.8
148,201711220ATL,"7:30 PM, November 22, 2017",2018,"Philips Arena, Atlanta, Georgia",Los Angeles Clippers,Atlanta Hawks,"12,675",92.4,Brent Barnaky, J.B. DeRosa, Sean Wright,29,33,26,28,0,116,125.5,111.4,30,33,21,19,0,103,111.4,125.5
149,201711220CHO,"7:00 PM, November 22, 2017",2018,"Spectrum Center, Charlotte, North Carolina",Washington Wizards,Charlotte Hornets,"16,041",95.7,James Capers, Aaron Smith, Ben Taylor,26,33,29,26,10,124,117.3,122.0,25,30,29,30,15,129,122.0,117.3
150,201711220CLE,"7:00 PM, November 22, 2017",2018,"Quicken Loans Arena, Cleveland, Ohio",Brooklyn Nets,Cleveland Cavaliers,"20,562",97.9,Marc Davis, Michael Smith, Jonathan Sterling,17,29,31,32,0,109,111.3,121.6,20,25,32,42,0,119,121.6,111.3
151,201711220HOU,"8:00 PM, November 22, 2017",2018,"Toyota Center, Houston, Texas",Denver Nuggets,Houston Rockets,"18,055",99.9,Brian Forte, Scott Wall, Haywoode Workman,17,23,27,28,0,95,95.1,125.1,36,39,26,24,0,125,125.1,95.1
152,201711220MEM,"8:00 PM, November 22, 2017",2018,"FedEx Forum, Memphis, Tennessee",Dallas Mavericks,Memphis Grizzlies,"16,101",98.9,Bennie Adams, Lauren Holtkamp, Ed Malloy,12,27,35,21,0,95,96.0,95.0,27,29,16,22,0,94,95.0,96.0
153,201711220MIA,"7:30 PM, November 22, 2017",2018,"AmericanAirlines Arena, Miami, Florida",Boston Celtics,Miami Heat,"19,704",96.6,Sean Corbin, Eric Lewis, Dedric Taylor,16,25,22,35,0,98,101.4,107.6,27,27,25,25,0,104,107.6,101.4
154,201711220MIN,"8:00 PM, November 22, 2017",2018,"Target Center, Minneapolis, Minnesota",Orlando Magic,Minnesota Timberwolves,"16,402",103.2,Nick Buchert, Jason Goldenberg, Tom Washington,35,27,18,38,0,118,114.3,120.1,30,35,41,18,0,124,120.1,114.3
155,201711220NOP,"8:00 PM, November 22, 2017",2018,"Smoothie King Center, New Orleans, Louisiana",San Antonio Spurs,New Orleans Pelicans,"17,539",98.2,Mitchell Ervin, Tyler Ford, John Goble,29,13,17,31,0,90,91.6,108.9,19,31,37,20,0,107,108.9,91.6
156,201711220NYK,"7:30 PM, November 22, 2017",2018,"Madison Square Garden (IV), New York, New York",Toronto Raptors,New York Knicks,"19,812",94.9,Ray Acosta, Leroy Richardson, Zach Zarba,34,25,10,31,0,100,105.3,113.8,26,22,41,19,0,108,113.8,105.3
157,201711220OKC,"8:00 PM, November 22, 2017",2018,"Chesapeake Energy Arena, Oklahoma City, Oklahoma",Golden State Warriors,Oklahoma City Thunder,"18,203",101.2,Karl Lane, Monty McCutchen, Kevin Scott,26,22,23,20,0,91,89.9,106.7,33,32,29,14,0,108,106.7,89.9
158,201711220PHI,"7:00 PM, November 22, 2017",2018,"Wells Fargo Center, Philadelphia, Pennsylvania",Portland Trail Blazers,Philadelphia 76ers,"20,605",102.9,Mike Callahan, Courtney Kirkland, Phenizee Ransom,14,23,20,24,0,81,78.8,98.2,26,24,20,31,0,101,98.2,78.8
159,201711220PHO,"9:00 PM, November 22, 2017",2018,"Talking Stick Resort Arena, Phoenix, Arizona",Milwaukee Bucks,Phoenix Suns,"16,270",98.6,Kevin Cutler, Rodney Mott, J.T. Orr,33,21,30,21,8,113,103.8,98.3,23,21,31,30,2,107,98.3,103.8
160,201711220SAC,"10:30 PM, November 22, 2017",2018,"Golden 1 Center, Sacramento, California",Los Angeles Lakers,Sacramento Kings,"17,583",96.8,Ron Garretson, Scott Twardoski, Leon Wood,19,22,26,35,0,102,105.4,116.8,31,23,22,37,0,113,116.8,105.4
161,201711220UTA,"9:00 PM, November 22, 2017",2018,"Vivint Smart Home Arena, Salt Lake City, Utah",Chicago Bulls,Utah Jazz,"17,434",92.1,Bill Kennedy, Tre Maddox, Justin Van Duyne,24,22,23,11,0,80,86.9,119.5,25,30,32,23,0,110,119.5,86.9
162,201711240ATL,"7:30 PM, November 24, 2017",2018,"Philips Arena, Atlanta, Georgia",New York Knicks,Atlanta Hawks,"14,355",97.2,Kane Fitzgerald, Tyler Ford, Kevin Scott,39,28,19,18,0,104,107.0,119.4,24,35,30,27,0,116,119.4,107.0
163,201711240BOS,"7:30 PM, November 24, 2017",2018,"TD Garden, Boston, Massachusetts",Orlando Magic,Boston Celtics,"18,624",95.3,Jacyn Goble, Mark Lindsay, James Williams,26,21,22,34,0,103,108.1,123.9,40,33,26,19,0,118,123.9,108.1
164,201711240BRK,"12:00 PM, November 24, 2017",2018,"Barclays Center, Brooklyn, New York",Portland Trail Blazers,Brooklyn Nets,"15,246",102.9,Derrick Collins, Gediminas Petraitis, Sean Wright,23,28,41,35,0,127,123.4,121.4,32,21,39,33,0,125,121.4,123.4
165,201711240CLE,"8:00 PM, November 24, 2017",2018,"Quicken Loans Arena, Cleveland, Ohio",Charlotte Hornets,Cleveland Cavaliers,"20,562",97.6,Mitchell Ervin, Pat Fraher, David Guthrie,28,29,25,17,0,99,101.5,102.5,27,27,29,17,0,100,102.5,101.5
166,201711240DEN,"9:00 PM, November 24, 2017",2018,"Pepsi Center, Denver, Colorado",Memphis Grizzlies,Denver Nuggets,"16,736",93.4,Ron Garretson, Brett Nansel, Bill Spooner,18,27,29,18,0,92,98.5,111.4,27,34,15,28,0,104,111.4,98.5
167,201711240GSW,"10:30 PM, November 24, 2017",2018,"Oracle Arena, Oakland, California",Chicago Bulls,Golden State Warriors,"19,596",103.6,Bennie Adams, Mark Ayotte, J.T. Orr,32,21,13,28,0,94,90.8,138.1,29,45,36,33,0,143,138.1,90.8
168,201711240IND,"8:00 PM, November 24, 2017",2018,"Bankers Life Fieldhouse, Indianapolis, Indiana",Toronto Raptors,Indiana Pacers,"16,523",99.0,Marat Kogut, Jonathan Sterling, Tom Washington,25,35,20,24,0,104,105.0,108.1,29,21,31,26,0,107,108.1,105.0
169,201711240MIN,"8:00 PM, November 24, 2017",2018,"Target Center, Minneapolis, Minnesota",Miami Heat,Minnesota Timberwolves,"18,978",89.7,Brandon Adair, Tre Maddox, Monty McCutchen,28,30,23,28,0,109,121.5,108.1,24,24,22,27,0,97,108.1,121.5
170,201711240OKC,"8:00 PM, November 24, 2017",2018,"Chesapeake Energy Arena, Oklahoma City, Oklahoma",Detroit Pistons,Oklahoma City Thunder,"18,203",98.5,Eric Dalen, Ken Mauer, C.J. Washington,25,24,24,26,0,99,100.5,99.5,29,30,18,21,0,98,99.5,100.5
171,201711240PHO,"9:00 PM, November 24, 2017",2018,"Talking Stick Resort Arena, Phoenix, Arizona",New Orleans Pelicans,Phoenix Suns,"16,574",100.1,Tony Brothers, Derek Richardson, Gary Zielinski,33,39,22,21,0,115,114.9,90.9,21,21,20,29,0,91,90.9,114.9
172,201711250ATL,"7:30 PM, November 25, 2017",2018,"Philips Arena, Atlanta, Georgia",Toronto Raptors,Atlanta Hawks,"12,278",92.3,Brian Forte, Ben Taylor, Josh Tiven,28,39,32,13,0,112,121.3,84.5,25,14,19,20,0,78,84.5,121.3
173,201711250CHO,"7:00 PM, November 25, 2017",2018,"Spectrum Center, Charlotte, North Carolina",San Antonio Spurs,Charlotte Hornets,"18,597",92.4,Sean Corbin, Marat Kogut, Mark Lindsay,14,26,32,34,0,106,114.7,93.1,15,14,29,28,0,86,93.1,114.7
174,201711250DAL,"8:30 PM, November 25, 2017",2018,"American Airlines Center, Dallas, Texas",Oklahoma City Thunder,Dallas Mavericks,"20,340",90.1,Brent Barnaky, Derrick Stafford, Dedric Taylor,24,13,18,26,0,81,89.9,107.7,25,27,26,19,0,97,107.7,89.9
175,201711250GSW,"8:30 PM, November 25, 2017",2018,"Oracle Arena, Oakland, California",New Orleans Pelicans,Golden State Warriors,"19,596",99.4,Scott Foster, Jason Goldenberg, Leon Wood,31,22,22,20,0,95,95.6,110.7,17,36,31,26,0,110,110.7,95.6
176,201711250HOU,"8:00 PM, November 25, 2017",2018,"Toyota Center, Houston, Texas",New York Knicks,Houston Rockets,"18,055",100.7,Nick Buchert, Eric Dalen, Marc Davis,39,22,13,28,0,102,101.3,116.2,29,29,37,22,0,117,116.2,101.3
177,201711250IND,"8:00 PM, November 25, 2017",2018,"Bankers Life Fieldhouse, Indianapolis, Indiana",Boston Celtics,Indiana Pacers,"16,303",91.4,James Capers, Mitchell Ervin, Karl Lane,27,18,37,26,0,108,118.2,107.3,32,22,16,28,0,98,107.3,118.2
178,201711250PHI,"7:00 PM, November 25, 2017",2018,"Wells Fargo Center, Philadelphia, Pennsylvania",Orlando Magic,Philadelphia 76ers,"20,585",101.0,John Goble, Aaron Smith, Scott Wall,28,27,30,26,0,111,109.9,128.8,31,39,31,29,0,130,128.8,109.9
179,201711250SAC,"10:00 PM, November 25, 2017",2018,"Golden 1 Center, Sacramento, California",Los Angeles Clippers,Sacramento Kings,"17,583",94.1,Mark Ayotte, Kevin Cutler, Rodney Mott,25,22,29,21,0,97,103.1,100.9,31,30,10,24,0,95,100.9,103.1
180,201711250UTA,"9:00 PM, November 25, 2017",2018,"Vivint Smart Home Arena, Salt Lake City, Utah",Milwaukee Bucks,Utah Jazz,"17,298",93.2,Tony Brothers, Leroy Richardson, Scott Twardoski,30,27,28,23,0,108,115.9,129.8,31,33,31,26,0,121,129.8,115.9
181,201711250WAS,"7:00 PM, November 25, 2017",2018,"Capital One Arena, Washington, District of Columbia",Portland Trail Blazers,Washington Wizards,"18,092",97.8,Kane Fitzgerald, Tyler Ford, Eric Lewis,27,14,32,35,0,108,110.4,107.3,30,22,31,22,0,105,107.3,110.4
182,201711260CHI,"3:30 PM, November 26, 2017",2018,"United Center, Chicago, Illinois",Miami Heat,Chicago Bulls,"20,928",97.7,Curtis Blair, Pat Fraher, Zach Zarba,7,38,19,36,0,100,102.4,95.2,13,29,19,32,0,93,95.2,102.4
183,201711260MEM,"6:00 PM, November 26, 2017",2018,"FedEx Forum, Memphis, Tennessee",Brooklyn Nets,Memphis Grizzlies,"14,889",86.7,Matt Boland, Courtney Kirkland, Tre Maddox,19,28,32,19,0,98,113.1,101.5,22,25,18,23,0,88,101.5,113.1
184,201711260MIN,"3:30 PM, November 26, 2017",2018,"Target Center, Minneapolis, Minnesota",Phoenix Suns,Minnesota Timberwolves,"16,448",91.2,Mike Callahan, Lauren Holtkamp, Michael Smith,27,31,22,28,0,108,118.4,130.5,33,30,30,26,0,119,130.5,118.4
185,201711270BOS,"7:30 PM, November 27, 2017",2018,"TD Garden, Boston, Massachusetts",Detroit Pistons,Boston Celtics,"18,624",95.1,Tony Brown, David Guthrie, Haywoode Workman,31,29,26,32,0,118,124.0,113.5,23,34,29,22,0,108,113.5,124.0
186,201711270GSW,"10:30 PM, November 27, 2017",2018,"Oracle Arena, Oakland, California",Sacramento Kings,Golden State Warriors,"19,596",88.6,Tony Brothers, Derek Richardson, Leroy Richardson,27,26,30,27,0,110,124.1,119.6,27,28,27,24,0,106,119.6,124.1
187,201711270HOU,"8:00 PM, November 27, 2017",2018,"Toyota Center, Houston, Texas",Brooklyn Nets,Houston Rockets,"16,189",99.5,Brent Barnaky, Tyler Ford, Derrick Stafford,26,29,25,23,0,103,103.5,117.6,43,23,30,21,0,117,117.6,103.5
188,201711270IND,"7:00 PM, November 27, 2017",2018,"Bankers Life Fieldhouse, Indianapolis, Indiana",Orlando Magic,Indiana Pacers,"12,501",96.9,Brian Forte, Ron Garretson, C.J. Washington,25,25,34,25,0,109,112.5,124.8,33,24,28,36,0,121,124.8,112.5
189,201711270LAC,"10:30 PM, November 27, 2017",2018,"STAPLES Center, Los Angeles, California",Los Angeles Lakers,Los Angeles Clippers,"18,086",103.0,Scott Foster, Jason Goldenberg, James Williams,32,30,27,26,0,115,111.7,116.5,34,26,27,33,0,120,116.5,111.7
190,201711270NYK,"7:30 PM, November 27, 2017",2018,"Madison Square Garden (IV), New York, New York",Portland Trail Blazers,New York Knicks,"18,409",95.8,J.B. DeRosa, Bill Kennedy, Gary Zielinski,30,23,37,13,0,103,107.5,95.0,23,14,27,27,0,91,95.0,107.5
191,201711270PHI,"7:00 PM, November 27, 2017",2018,"Wells Fargo Center, Philadelphia, Pennsylvania",Cleveland Cavaliers,Philadelphia 76ers,"20,527",91.8,Curtis Blair, Karl Lane, Sean Wright,29,24,33,27,0,113,123.1,99.1,22,23,28,18,0,91,99.1,123.1
192,201711270SAS,"8:30 PM, November 27, 2017",2018,"AT&T Center, San Antonio, Texas",Dallas Mavericks,San Antonio Spurs,"17,918",97.3,Ken Mauer, Josh Tiven, Scott Twardoski,23,30,22,33,0,108,111.0,118.2,21,25,31,38,0,115,118.2,111.0
193,201711280CHI,"8:00 PM, November 28, 2017",2018,"United Center, Chicago, Illinois",Phoenix Suns,Chicago Bulls,"18,324",96.4,Mark Lindsay, Monty McCutchen, Brett Nansel,28,18,27,31,0,104,107.8,102.7,29,14,27,29,0,99,102.7,107.8
194,201711280CLE,"7:00 PM, November 28, 2017",2018,"Quicken Loans Arena, Cleveland, Ohio",Miami Heat,Cleveland Cavaliers,"20,562",98.1,Mark Ayotte, Kane Fitzgerald, Aaron Smith,24,25,25,23,0,97,98.9,110.1,35,40,18,15,0,108,110.1,98.9
195,201711280MIN,"8:00 PM, November 28, 2017",2018,"Target Center, Minneapolis, Minnesota",Washington Wizards,Minnesota Timberwolves,"13,442",86.4,Brian Forte, Jonathan Sterling, Zach Zarba,23,20,25,24,0,92,106.4,103.0,30,21,20,18,0,89,103.0,106.4
196,201711280SAC,"10:00 PM, November 28, 2017",2018,"Golden 1 Center, Sacramento, California",Milwaukee Bucks,Sacramento Kings,"17,583",94.7,Scott Foster, Jason Goldenberg, James Williams,32,29,31,20,0,112,118.3,91.9,26,11,22,28,0,87,91.9,118.3
197,201711280UTA,"10:00 PM, November 28, 2017",2018,"Vivint Smart Home Arena, Salt Lake City, Utah",Denver Nuggets,Utah Jazz,"16,790",89.0,Bennie Adams, Mike Callahan, Leon Wood,24,25,17,11,0,77,86.5,119.1,26,22,28,30,0,106,119.1,86.5
198,201711290DAL,"8:30 PM, November 29, 2017",2018,"American Airlines Center, Dallas, Texas",Brooklyn Nets,Dallas Mavericks,"19,327",97.9,John Goble, Lauren Holtkamp, Eric Lewis,21,27,32,29,0,109,111.3,106.2,27,20,29,28,0,104,106.2,111.3
199,201711290DET,"7:00 PM, November 29, 2017",2018,"Little Caesars Arena, Detroit, Michigan",Phoenix Suns,Detroit Pistons,"18,096",108.2,Ron Garretson, Ben Taylor, Scott Twardoski,19,22,29,37,0,107,98.9,121.1,36,33,35,27,0,131,121.1,98.9
200,201711290HOU,"8:00 PM, November 29, 2017",2018,"Toyota Center, Houston, Texas",Indiana Pacers,Houston Rockets,"16,760",97.7,Pat Fraher, Courtney Kirkland, Michael Smith,27,22,22,26,0,97,99.2,120.7,22,32,35,29,0,118,120.7,99.2
201,201711290LAL,"10:30 PM, November 29, 2017",2018,"STAPLES Center, Los Angeles, California",Golden State Warriors,Los Angeles Lakers,"18,997",102.1,Kevin Cutler, Ed Malloy, Josh Tiven,30,20,34,25,18,127,112.6,109.1,20,34,30,25,14,123,109.1,112.6
202,201711290NOP,"8:00 PM, November 29, 2017",2018,"Smoothie King Center, New Orleans, Louisiana",Minnesota Timberwolves,New Orleans Pelicans,"15,555",94.4,Brent Barnaky, Ken Mauer, Scott Wall,28,34,31,27,0,120,127.2,108.1,29,20,27,26,0,102,108.1,127.2
203,201711290NYK,"7:30 PM, November 29, 2017",2018,"Madison Square Garden (IV), New York, New York",Miami Heat,New York Knicks,"17,693",96.3,Jacyn Goble, David Guthrie, Rodney Mott,22,22,20,22,0,86,89.3,119.4,33,32,23,27,0,115,119.4,89.3
204,201711290ORL,"7:00 PM, November 29, 2017",2018,"Amway Center, Orlando, Florida",Oklahoma City Thunder,Orlando Magic,"17,797",97.4,Tyler Ford, Gediminas Petraitis, Sean Wright,25,32,23,28,0,108,110.9,124.2,31,28,28,34,0,121,124.2,110.9
205,201711290PHI,"7:00 PM, November 29, 2017",2018,"Wells Fargo Center, Philadelphia, Pennsylvania",Washington Wizards,Philadelphia 76ers,"20,492",105.1,Matt Boland, Mitchell Ervin, Bill Spooner,18,22,25,48,0,113,107.5,112.2,28,30,26,34,0,118,112.2,107.5
206,201711290SAS,"8:30 PM, November 29, 2017",2018,"AT&T Center, San Antonio, Texas",Memphis Grizzlies,San Antonio Spurs,"18,013",86.8,James Capers, Derrick Collins, C.J. Washington,21,28,24,22,0,95,109.4,119.8,28,30,21,25,0,104,119.8,109.4
207,201711290TOR,"7:30 PM, November 29, 2017",2018,"Air Canada Centre, Toronto, Canada",Charlotte Hornets,Toronto Raptors,"19,800",96.9,Eric Dalen, Marc Davis, Aaron Smith,25,27,33,28,0,113,116.6,130.0,32,39,22,33,0,126,130.0,116.6
208,201711300ATL,"7:30 PM, November 30, 2017",2018,"Philips Arena, Atlanta, Georgia",Cleveland Cavaliers,Atlanta Hawks,"16,379",95.3,Ray Acosta, Tony Brown, Nick Buchert,42,21,36,22,0,121,127.0,119.6,35,32,23,24,0,114,119.6,127.0
209,201711300BOS,"7:30 PM, November 30, 2017",2018,"TD Garden, Boston, Massachusetts",Philadelphia 76ers,Boston Celtics,"18,624",94.5,Mark Ayotte, Ron Garretson, Derrick Stafford,22,22,27,26,0,97,102.7,114.3,28,26,22,32,0,108,114.3,102.7
210,201711300DEN,"9:00 PM, November 30, 2017",2018,"Pepsi Center, Denver, Colorado",Chicago Bulls,Denver Nuggets,"15,156",95.4,Justin Van Duyne, Tom Washington, James Williams,39,29,24,18,0,110,115.3,116.4,30,32,29,20,0,111,116.4,115.3
211,201711300LAC,"10:30 PM, November 30, 2017",2018,"STAPLES Center, Los Angeles, California",Utah Jazz,Los Angeles Clippers,"15,139",91.8,Ed Malloy, J.T. Orr, Josh Tiven,26,35,33,32,0,126,137.3,116.6,27,34,26,20,0,107,116.6,137.3
212,201711300POR,"10:00 PM, November 30, 2017",2018,"Moda Center, Portland, Oregon",Milwaukee Bucks,Portland Trail Blazers,"19,459",96.3,Bennie Adams, Mike Callahan, Leon Wood,33,27,27,16,0,103,107.0,94.5,21,24,21,25,0,91,94.5,107.0
