Index,game_id,date,season,arena,away_name,home_name,att,pace,ref1,ref2,ref3,away_q1,away_q2,away_q3,away_q4,away_ot,away_final,away_ortg,away_drtg,home_q1,home_q2,home_q3,home_q4,home_ot,home_final,home_ortg,home_drtg
0,200712010CHI,"8:30 PM, December 1, 2007",2008,"United Center, Chicago, Illinois",Charlotte Bobcats,Chicago Bulls,"21,729",89.3,Dick Bavetta, Derrick Collins, Mark Lindsay,23,34,18,20,0,95,106.4,124.4,31,27,28,25,0,111,124.4,106.4
1,200712010MEM,"8:00 PM, December 1, 2007",2008,"FedEx Forum, Memphis, Tennessee",Minnesota Timberwolves,Memphis Grizzlies,"12,896",96.5,Ron Garretson, Violet Palmer, Leroy Richardson,21,19,15,25,0,80,82.9,113.0,26,23,30,30,0,109,113.0,82.9
2,200712010MIL,"8:30 PM, December 1, 2007",2008,"Bradley Center, Milwaukee, Wisconsin",Detroit Pistons,Milwaukee Bucks,"17,326",90.5,Joe Forte, Phil Robinson, Michael Smith,28,28,28,33,0,117,129.3,100.5,22,20,23,26,0,91,100.5,129.3
3,200712010NJN,"7:30 PM, December 1, 2007",2008,"Izod Center, East Rutherford, New Jersey",Philadelphia 76ers,New Jersey Nets,"15,133",83.1,Tony Brown, Sean Corbin, Marc Davis,28,23,10,22,9,92,100.2,102.4,19,16,25,23,11,94,102.4,100.2
4,200712010NOH,"8:00 PM, December 1, 2007",2008,"New Orleans Arena, New Orleans, Louisiana",Dallas Mavericks,New Orleans Hornets,"12,223",84.9,Joe DeRosa, Courtney Kirkland, Eli Roe,23,28,30,21,6,108,115.2,119.5,32,24,24,22,10,112,119.5,115.2
5,200712010SAC,"10:00 PM, December 1, 2007",2008,"ARCO Arena (II), Sacramento, California",Houston Rockets,Sacramento Kings,"15,081",91.1,Derek Richardson, Greg Willard, Gary Zielinski,29,21,24,25,0,99,108.6,117.4,26,23,30,28,0,107,117.4,108.6
6,200712010WAS,"7:00 PM, December 1, 2007",2008,"Verizon Center, Washington, District of Columbia",Toronto Raptors,Washington Wizards,"20,173",88.6,Jim Clark, Eric Lewis, Rodney Mott,23,22,30,22,0,97,109.5,114.0,23,30,25,23,0,101,114.0,109.5
7,200712020BOS,"12:30 PM, December 2, 2007",2008,"TD Banknorth Garden, Boston, Massachusetts",Cleveland Cavaliers,Boston Celtics,"18,624",89.7,Brian Forte, Bill Kennedy, Eddie F. Rush,19,20,11,20,0,70,78.1,89.2,17,26,21,16,0,80,89.2,78.1
8,200712020DEN,"8:00 PM, December 2, 2007",2008,"Pepsi Center, Denver, Colorado",Miami Heat,Denver Nuggets,"16,386",101.5,Luis Grillo, Monty McCutchen, Ron Olesiak,17,25,22,25,0,89,87.7,113.3,37,22,33,23,0,115,113.3,87.7
9,200712020DET,"6:00 PM, December 2, 2007",2008,"The Palace of Auburn Hills, Auburn Hills, Michigan",New Jersey Nets,Detroit Pistons,"22,076",84.2,Joe Crawford, Derrick Stafford, Sean Wright,27,17,23,28,0,95,112.8,140.1,27,27,33,31,0,118,140.1,112.8
10,200712020LAC,"3:30 PM, December 2, 2007",2008,"STAPLES Center, Los Angeles, California",Indiana Pacers,Los Angeles Clippers,"13,741",97.5,James Capers, Scott Foster, John Goble,32,18,27,24,0,101,103.6,97.4,19,32,25,19,0,95,97.4,103.6
11,200712020LAL,"9:30 PM, December 2, 2007",2008,"STAPLES Center, Los Angeles, California",Orlando Magic,Los Angeles Lakers,"18,997",104.3,Tony Brothers, Ed Malloy, Mark Wunderlich,24,39,14,27,0,104,99.7,93.0,30,25,20,22,0,97,93.0,99.7
12,200712020NYK,"7:00 PM, December 2, 2007",2008,"Madison Square Garden (IV), New York, New York",Phoenix Suns,New York Knicks,"18,869",92.8,Jason Phillips, Bennett Salvatore, Bill Spooner,37,24,24,30,0,115,123.9,112.0,29,28,27,20,0,104,112.0,123.9
13,200712020SAS,"3:30 PM, December 2, 2007",2008,"AT&T Center, San Antonio, Texas",Portland Trail Blazers,San Antonio Spurs,"18,797",80.1,Mark Ayotte, Tom Washington, Zach Zarba,17,21,19,22,0,79,98.6,124.9,23,28,26,23,0,100,124.9,98.6
14,200712020SEA,"9:00 PM, December 2, 2007",2008,"KeyArena at Seattle Center, Seattle, Washington",Golden State Warriors,Seattle SuperSonics,"11,461",103.8,Bob Delaney, Olandis Poole, Scott Wall,35,25,28,21,0,109,105.0,92.5,18,23,25,30,0,96,92.5,105.0
15,200712030CHI,"8:30 PM, December 3, 2007",2008,"United Center, Chicago, Illinois",Dallas Mavericks,Chicago Bulls,"21,780",91.3,Matt Boland, Jim Clark, David Jones,29,27,15,32,0,103,112.8,107.3,24,20,16,38,0,98,107.3,112.8
16,200712030GSW,"10:30 PM, December 3, 2007",2008,"Oracle Arena, Oakland, California",Orlando Magic,Golden State Warriors,"18,527",103.7,Tony Brown, Derek Richardson, Greg Willard,30,27,27,25,14,123,107.5,102.2,21,27,31,30,8,117,102.2,107.5
17,200712030MEM,"8:00 PM, December 3, 2007",2008,"FedEx Forum, Memphis, Tennessee",Portland Trail Blazers,Memphis Grizzlies,"11,317",89.3,Mark Lindsay, Rodney Mott, Jack Nies,31,19,28,28,0,106,118.7,117.5,24,33,23,25,0,105,117.5,118.7
18,200712030PHI,"7:00 PM, December 3, 2007",2008,"Wachovia Center, Philadelphia, Pennsylvania",Atlanta Hawks,Philadelphia 76ers,"11,465",91.2,Kevin Fehr, Pat Fraher, Steve Javie,24,21,21,22,0,88,96.5,86.6,17,29,16,17,0,79,86.6,96.5
19,200712030TOR,"7:00 PM, December 3, 2007",2008,"Air Canada Centre, Toronto, Canada",Charlotte Bobcats,Toronto Raptors,"17,439",80.8,Bennie Adams, Dan Crawford, Tommy Nunez,16,17,26,20,0,79,97.8,121.4,27,27,22,22,0,98,121.4,97.8
20,200712030UTA,"9:00 PM, December 3, 2007",2008,"EnergySolutions Arena, Salt Lake City, Utah",Miami Heat,Utah Jazz,"19,911",91.1,Tony Brothers, Ed Malloy, Mark Wunderlich,32,21,18,30,0,101,110.9,120.8,31,21,22,36,0,110,120.8,110.9
21,200712040ATL,"7:00 PM, December 4, 2007",2008,"Philips Arena, Atlanta, Georgia",Detroit Pistons,Atlanta Hawks,"12,754",88.9,Mike Callahan, Bill Kennedy, Olandis Poole,33,24,30,19,0,106,119.3,106.9,26,22,13,34,0,95,106.9,119.3
22,200712040CLE,"7:00 PM, December 4, 2007",2008,"Quicken Loans Arena, Cleveland, Ohio",New Jersey Nets,Cleveland Cavaliers,"19,838",81.2,David Guthrie, Ken Mauer, Bill Spooner,19,28,27,26,0,100,123.2,97.3,22,21,16,20,0,79,97.3,123.2
23,200712040IND,"7:00 PM, December 4, 2007",2008,"Conseco Fieldhouse, Indianapolis, Indiana",Phoenix Suns,Indiana Pacers,"11,435",107.5,Matt Boland, Joe DeRosa, Rodney Mott,38,31,27,25,0,121,112.6,108.8,29,35,26,27,0,117,108.8,112.6
24,200712040LAC,"10:30 PM, December 4, 2007",2008,"STAPLES Center, Los Angeles, California",Milwaukee Bucks,Los Angeles Clippers,"16,004",85.4,Ron Garretson, Violet Palmer, Scott Wall,18,18,28,23,0,87,101.9,91.3,26,23,15,14,0,78,91.3,101.9
25,200712040MIN,"8:00 PM, December 4, 2007",2008,"Target Center, Minneapolis, Minnesota",Los Angeles Lakers,Minnesota Timberwolves,"17,513",95.9,Joe Forte, Luis Grillo, Ron Olesiak,30,32,24,30,0,116,121.0,99.1,24,22,22,27,0,95,99.1,121.0
26,200712040SAC,"10:00 PM, December 4, 2007",2008,"ARCO Arena (II), Sacramento, California",Utah Jazz,Sacramento Kings,"12,688",98.3,James Capers, John Goble, Monty McCutchen,35,21,21,30,0,107,108.9,119.0,27,26,21,43,0,117,119.0,108.9
27,200712050CHA,"7:00 PM, December 5, 2007",2008,"Charlotte Bobcats Arena, Charlotte, North Carolina",Chicago Bulls,Charlotte Bobcats,"13,227",90.1,Brian Forte, Bill Kennedy, Eddie F. Rush,21,18,14,38,0,91,101.0,91.0,21,21,18,22,0,82,91.0,101.0
28,200712050DEN,"9:00 PM, December 5, 2007",2008,"Pepsi Center, Denver, Colorado",Los Angeles Lakers,Denver Nuggets,"19,155",100.0,Dan Crawford, David Jones, Eli Roe,29,33,26,23,0,111,111.1,107.1,24,34,30,19,0,107,107.1,111.1
29,200712050GSW,"10:30 PM, December 5, 2007",2008,"Oracle Arena, Oakland, California",Milwaukee Bucks,Golden State Warriors,"17,823",99.5,Ed Malloy, Monty McCutchen, Mark Wunderlich,25,11,27,27,0,90,90.5,120.7,30,27,28,35,0,120,120.7,90.5
30,200712050HOU,"8:30 PM, December 5, 2007",2008,"Toyota Center, Houston, Texas",Memphis Grizzlies,Houston Rockets,"17,723",85.9,Mark Ayotte, Sean Corbin, Tom Washington,20,22,29,21,0,92,107.1,122.2,24,31,30,20,0,105,122.2,107.1
31,200712050NJN,"7:30 PM, December 5, 2007",2008,"Izod Center, East Rutherford, New Jersey",New York Knicks,New Jersey Nets,"15,233",86.1,Bob Delaney, Michael Smith, Zach Zarba,26,25,23,26,0,100,116.2,108.1,18,24,24,27,0,93,108.1,116.2
32,200712050NOH,"8:00 PM, December 5, 2007",2008,"New Orleans Arena, New Orleans, Louisiana",Detroit Pistons,New Orleans Hornets,"10,312",82.7,Dick Bavetta, Mark Lindsay, Jason Phillips,16,28,22,25,0,91,110.1,91.9,26,16,18,16,0,76,91.9,110.1
33,200712050PHI,"7:00 PM, December 5, 2007",2008,"Wachovia Center, Philadelphia, Pennsylvania",Boston Celtics,Philadelphia 76ers,"15,779",87.3,Bennie Adams, Joe Crawford, Eric Lewis,26,26,31,30,0,113,129.5,118.0,32,25,23,23,0,103,118.0,129.5
34,200712050SAS,"8:30 PM, December 5, 2007",2008,"AT&T Center, San Antonio, Texas",Dallas Mavericks,San Antonio Spurs,"18,797",92.3,Leroy Richardson, Bennett Salvatore, Leon Wood,24,25,17,29,0,95,102.9,105.1,18,24,31,24,0,97,105.1,102.9
35,200712050SEA,"10:30 PM, December 5, 2007",2008,"KeyArena at Seattle Center, Seattle, Washington",Los Angeles Clippers,Seattle SuperSonics,"10,961",98.3,Tony Brown, Derek Richardson, Greg Willard,17,18,26,27,0,88,89.5,96.6,18,25,30,22,0,95,96.6,89.5
36,200712050TOR,"7:00 PM, December 5, 2007",2008,"Air Canada Centre, Toronto, Canada",Phoenix Suns,Toronto Raptors,"19,800",98.6,Marc Davis, Pat Fraher, Steve Javie,33,28,45,30,0,136,137.9,124.7,28,28,29,38,0,123,124.7,137.9
37,200712050WAS,"7:00 PM, December 5, 2007",2008,"Verizon Center, Washington, District of Columbia",Cleveland Cavaliers,Washington Wizards,"17,684",86.4,Joe DeRosa, Jack Nies, Tommy Nunez,21,13,28,24,0,86,99.5,121.5,22,31,26,26,0,105,121.5,99.5
38,200712060ATL,"7:00 PM, December 6, 2007",2008,"Philips Arena, Atlanta, Georgia",Minnesota Timberwolves,Atlanta Hawks,"12,232",92.5,Jason Phillips, Bill Spooner, Tom Washington,15,25,27,22,0,89,96.2,97.3,29,24,8,29,0,90,97.3,96.2
39,200712060DAL,"8:00 PM, December 6, 2007",2008,"American Airlines Center, Dallas, Texas",Denver Nuggets,Dallas Mavericks,"20,155",102.0,Ken Mauer, Phil Robinson, Derrick Stafford,39,25,34,24,0,122,119.6,106.9,32,24,36,17,0,109,106.9,119.6
40,200712060POR,"10:30 PM, December 6, 2007",2008,"Rose Garden Arena, Portland, Oregon",Miami Heat,Portland Trail Blazers,"19,980",91.2,Derrick Collins, Ron Garretson, Gary Zielinski,25,17,31,33,0,106,116.2,122.7,30,26,21,35,0,112,122.7,116.2
41,200712070BOS,"7:30 PM, December 7, 2007",2008,"TD Banknorth Garden, Boston, Massachusetts",Toronto Raptors,Boston Celtics,"18,624",95.1,Matt Boland, James Capers, Scott Foster,16,24,15,29,0,84,88.3,117.7,27,35,29,21,0,112,117.7,88.3
42,200712070DET,"7:00 PM, December 7, 2007",2008,"The Palace of Auburn Hills, Auburn Hills, Michigan",Chicago Bulls,Detroit Pistons,"22,076",83.0,Bob Delaney, Luis Grillo, Zach Zarba,23,22,27,26,0,98,118.1,109.7,17,26,28,20,0,91,109.7,118.1
43,200712070GSW,"10:30 PM, December 7, 2007",2008,"Oracle Arena, Oakland, California",Miami Heat,Golden State Warriors,"19,596",96.7,Mike Callahan, Marc Davis, Brian Forte,39,27,25,22,0,113,116.9,124.1,30,26,26,38,0,120,124.1,116.9
44,200712070NJN,"7:30 PM, December 7, 2007",2008,"Izod Center, East Rutherford, New Jersey",Houston Rockets,New Jersey Nets,"15,421",88.3,Pat Fraher, Steve Javie, Mark Wunderlich,28,20,24,24,0,96,108.8,100.8,18,15,27,29,0,89,100.8,108.8
45,200712070NOH,"8:00 PM, December 7, 2007",2008,"New Orleans Arena, New Orleans, Louisiana",Memphis Grizzlies,New Orleans Hornets,"10,386",92.6,David Guthrie, Bennett Salvatore, Leon Wood,21,26,33,27,9,116,113.5,115.4,25,30,30,22,11,118,115.4,113.5
46,200712070ORL,"7:00 PM, December 7, 2007",2008,"Amway Arena, Orlando, Florida",Indiana Pacers,Orlando Magic,"17,519",103.5,Jim Clark, Courtney Kirkland, Eric Lewis,28,26,30,31,0,115,111.1,105.3,32,30,25,22,0,109,105.3,111.1
47,200712070PHI,"7:00 PM, December 7, 2007",2008,"Wachovia Center, Philadelphia, Pennsylvania",New York Knicks,Philadelphia 76ers,"11,975",88.2,Joe DeRosa, Jack Nies, Tommy Nunez,27,22,18,23,0,90,102.1,114.5,26,27,19,29,0,101,114.5,102.1
48,200712070SAC,"10:00 PM, December 7, 2007",2008,"ARCO Arena (II), Sacramento, California",Los Angeles Clippers,Sacramento Kings,"13,094",91.9,Dan Crawford, David Jones, Eli Roe,22,19,30,26,0,97,105.5,94.7,28,24,18,17,0,87,94.7,105.5
49,200712070SAS,"9:30 PM, December 7, 2007",2008,"AT&T Center, San Antonio, Texas",Utah Jazz,San Antonio Spurs,"18,797",90.7,Joe Forte, Phil Robinson, Scott Wall,29,22,25,22,0,98,108.1,114.7,21,29,22,32,0,104,114.7,108.1
50,200712070SEA,"10:30 PM, December 7, 2007",2008,"KeyArena at Seattle Center, Seattle, Washington",Milwaukee Bucks,Seattle SuperSonics,"13,142",92.5,Joe Crawford, Michael Smith, Sean Wright,24,25,19,30,0,98,105.9,112.4,31,22,20,31,0,104,112.4,105.9
51,200712070WAS,"7:00 PM, December 7, 2007",2008,"Verizon Center, Washington, District of Columbia",Phoenix Suns,Washington Wizards,"20,173",97.7,Tony Brothers, Kevin Fehr, Eddie F. Rush,30,30,40,22,0,122,124.9,109.5,26,29,21,31,0,107,109.5,124.9
52,200712080ATL,"7:00 PM, December 8, 2007",2008,"Philips Arena, Atlanta, Georgia",Memphis Grizzlies,Atlanta Hawks,"15,658",91.7,Dick Bavetta, Ed Malloy, Violet Palmer,10,18,23,27,0,78,85.1,93.8,25,14,29,18,0,86,93.8,85.1
53,200712080CHA,"7:00 PM, December 8, 2007",2008,"Charlotte Bobcats Arena, Charlotte, North Carolina",Cleveland Cavaliers,Charlotte Bobcats,"17,624",92.4,Jim Clark, Courtney Kirkland, Eric Lewis,26,25,17,25,0,93,100.6,103.9,25,26,18,27,0,96,103.9,100.6
54,200712080CHI,"8:30 PM, December 8, 2007",2008,"United Center, Chicago, Illinois",Boston Celtics,Chicago Bulls,"22,778",85.6,Jason Phillips, Leroy Richardson, Tom Washington,21,26,22,23,0,92,107.5,94.7,18,25,16,22,0,81,94.7,107.5
55,200712080DAL,"8:30 PM, December 8, 2007",2008,"American Airlines Center, Dallas, Texas",Utah Jazz,Dallas Mavericks,"20,300",87.7,Sean Corbin, David Guthrie, Bill Spooner,23,25,34,35,0,117,133.5,142.6,28,30,32,35,0,125,142.6,133.5
56,200712080DEN,"9:00 PM, December 8, 2007",2008,"Pepsi Center, Denver, Colorado",Sacramento Kings,Denver Nuggets,"15,493",104.8,Tony Brown, Mike Callahan, Derek Richardson,34,13,31,19,0,97,92.6,96.4,34,25,18,24,0,101,96.4,92.6
57,200712080MIN,"8:00 PM, December 8, 2007",2008,"Target Center, Minneapolis, Minnesota",Phoenix Suns,Minnesota Timberwolves,"19,356",93.0,Ken Mauer, Monty McCutchen, Olandis Poole,32,24,24,13,0,93,100.0,107.6,28,27,32,13,0,100,107.6,100.0
58,200712080NYK,"7:30 PM, December 8, 2007",2008,"Madison Square Garden (IV), New York, New York",Philadelphia 76ers,New York Knicks,"18,899",87.8,James Capers, Scott Foster, John Goble,24,25,26,30,0,105,119.6,87.7,19,18,20,20,0,77,87.7,119.6
59,200712090DET,"6:00 PM, December 9, 2007",2008,"The Palace of Auburn Hills, Auburn Hills, Michigan",Charlotte Bobcats,Detroit Pistons,"22,076",85.8,Matt Boland, Joe DeRosa, Jack Nies,16,29,20,20,0,85,99.0,121.1,30,26,25,23,0,104,121.1,99.0
60,200712090LAC,"3:30 PM, December 9, 2007",2008,"STAPLES Center, Los Angeles, California",Miami Heat,Los Angeles Clippers,"16,335",93.6,Joe Crawford, Michael Smith, Sean Wright,30,21,26,23,0,100,106.9,100.5,26,25,20,23,0,94,100.5,106.9
61,200712090LAL,"9:30 PM, December 9, 2007",2008,"STAPLES Center, Los Angeles, California",Golden State Warriors,Los Angeles Lakers,"18,997",103.7,Mark Ayotte, Derrick Collins, Ron Garretson,31,28,27,27,0,113,109.0,118.6,31,29,32,31,0,123,118.6,109.0
62,200712090NOH,"7:00 PM, December 9, 2007",2008,"New Orleans Arena, New Orleans, Louisiana",Seattle SuperSonics,New Orleans Hornets,"10,773",93.1,Tony Brothers, Kevin Fehr, Eddie F. Rush,17,24,24,23,0,88,94.6,97.8,23,29,15,24,0,91,97.8,94.6
63,200712090POR,"6:00 PM, December 9, 2007",2008,"Rose Garden Arena, Portland, Oregon",Milwaukee Bucks,Portland Trail Blazers,"18,317",85.2,Marc Davis, Brian Forte, Greg Willard,27,24,25,29,8,113,120.1,124.3,30,27,27,21,12,117,124.3,120.1
64,200712090TOR,"12:30 PM, December 9, 2007",2008,"Air Canada Centre, Toronto, Canada",Houston Rockets,Toronto Raptors,"19,800",83.5,Mark Lindsay, Bennett Salvatore, Leon Wood,22,23,11,24,0,80,95.8,111.4,16,18,28,31,0,93,111.4,95.8
65,200712090WAS,"7:00 PM, December 9, 2007",2008,"Verizon Center, Washington, District of Columbia",New Jersey Nets,Washington Wizards,"13,712",87.8,Dick Bavetta, Violet Palmer, Gary Zielinski,23,25,24,17,0,89,101.4,118.4,27,15,36,26,0,104,118.4,101.4
66,200712100NYK,"7:30 PM, December 10, 2007",2008,"Madison Square Garden (IV), New York, New York",Dallas Mavericks,New York Knicks,"19,763",81.6,Monty McCutchen, Olandis Poole, Scott Wall,28,21,30,20,0,99,121.3,109.0,19,17,27,26,0,89,109.0,121.3
67,200712100ORL,"7:00 PM, December 10, 2007",2008,"Amway Arena, Orlando, Florida",Atlanta Hawks,Orlando Magic,"16,821",93.6,Bob Delaney, Derrick Stafford, Zach Zarba,29,20,20,29,0,98,104.7,93.0,19,22,22,24,0,87,93.0,104.7
68,200712100PHI,"7:00 PM, December 10, 2007",2008,"Wachovia Center, Philadelphia, Pennsylvania",Houston Rockets,Philadelphia 76ers,"12,551",88.7,Jim Clark, Courtney Kirkland, Eli Roe,24,18,18,28,0,88,99.3,112.8,30,26,30,14,0,100,112.8,99.3
69,200712100PHO,"9:00 PM, December 10, 2007",2008,"US Airways Center, Phoenix, Arizona",Miami Heat,Phoenix Suns,"18,422",95.6,Bennie Adams, Dan Crawford, David Jones,40,27,22,28,0,117,122.4,118.2,29,34,17,33,0,113,118.2,122.4
70,200712100SAC,"10:00 PM, December 10, 2007",2008,"ARCO Arena (II), Sacramento, California",Milwaukee Bucks,Sacramento Kings,"12,449",88.0,Mark Ayotte, Derrick Collins, Ron Garretson,26,23,25,19,0,93,105.7,109.1,26,21,19,30,0,96,109.1,105.7
71,200712110ATL,"7:00 PM, December 11, 2007",2008,"Philips Arena, Atlanta, Georgia",Toronto Raptors,Atlanta Hawks,"13,173",89.5,Joe DeRosa, Courtney Kirkland, Tommy Nunez,19,35,15,31,0,100,111.8,98.4,21,22,25,20,0,88,98.4,111.8
72,200712110CHI,"8:30 PM, December 11, 2007",2008,"United Center, Chicago, Illinois",Seattle SuperSonics,Chicago Bulls,"21,772",97.5,Marc Davis, Brian Forte, Steve Javie,27,22,24,23,0,96,98.4,126.1,31,36,30,26,0,123,126.1,98.4
73,200712110CLE,"7:00 PM, December 11, 2007",2008,"Quicken Loans Arena, Cleveland, Ohio",Indiana Pacers,Cleveland Cavaliers,"20,010",96.7,Tom Washington, Leon Wood, Gary Zielinski,16,33,25,31,0,105,108.6,122.0,37,28,32,21,0,118,122.0,108.6
74,200712110GSW,"10:30 PM, December 11, 2007",2008,"Oracle Arena, Oakland, California",San Antonio Spurs,Golden State Warriors,"19,827",90.2,Joe Crawford, Michael Smith, Sean Wright,25,12,27,20,0,84,93.1,106.4,23,30,26,17,0,96,106.4,93.1
75,200712110MEM,"8:00 PM, December 11, 2007",2008,"FedEx Forum, Memphis, Tennessee",Detroit Pistons,Memphis Grizzlies,"11,962",91.6,Tony Brothers, Kevin Fehr, Eddie F. Rush,37,24,29,23,0,113,123.4,112.5,22,26,26,29,0,103,112.5,123.4
76,200712110NJN,"7:30 PM, December 11, 2007",2008,"Izod Center, East Rutherford, New Jersey",Los Angeles Clippers,New Jersey Nets,"13,433",90.8,Ken Mauer, Olandis Poole, Scott Wall,23,23,21,24,0,91,100.2,90.3,21,25,17,19,0,82,90.3,100.2
77,200712110UTA,"9:00 PM, December 11, 2007",2008,"EnergySolutions Arena, Salt Lake City, Utah",Portland Trail Blazers,Utah Jazz,"19,911",90.3,Tony Brown, Mike Callahan, Bill Kennedy,29,26,23,19,0,97,107.4,98.5,27,19,20,23,0,89,98.5,107.4
78,200712110WAS,"7:00 PM, December 11, 2007",2008,"Verizon Center, Washington, District of Columbia",Minnesota Timberwolves,Washington Wizards,"12,177",86.5,Pat Fraher, Ed Malloy, Mark Wunderlich,26,20,23,19,0,88,101.7,117.9,26,30,27,19,0,102,117.9,101.7
79,200712120BOS,"7:30 PM, December 12, 2007",2008,"TD Banknorth Garden, Boston, Massachusetts",Sacramento Kings,Boston Celtics,"18,624",79.6,Joe Forte, Monty McCutchen, Zach Zarba,17,28,19,14,0,78,98.0,113.1,25,19,24,22,0,90,113.1,98.0
80,200712120CHA,"7:00 PM, December 12, 2007",2008,"Charlotte Bobcats Arena, Charlotte, North Carolina",Los Angeles Clippers,Charlotte Bobcats,"10,751",93.2,Tony Brothers, Pat Fraher, Greg Willard,21,34,17,31,0,103,110.5,115.9,20,23,36,29,0,108,115.9,110.5
81,200712120DEN,"9:00 PM, December 12, 2007",2008,"Pepsi Center, Denver, Colorado",New Orleans Hornets,Denver Nuggets,"13,337",95.9,John Goble, Rodney Mott, Jack Nies,27,32,22,18,0,99,103.3,109.5,24,27,26,28,0,105,109.5,103.3
82,200712120HOU,"8:00 PM, December 12, 2007",2008,"Toyota Center, Houston, Texas",Detroit Pistons,Houston Rockets,"17,453",85.8,Dick Bavetta, Leroy Richardson, Bill Spooner,16,17,22,22,0,77,89.8,93.3,18,20,19,23,0,80,93.3,89.8
83,200712120IND,"7:00 PM, December 12, 2007",2008,"Conseco Fieldhouse, Indianapolis, Indiana",Chicago Bulls,Indiana Pacers,"10,381",94.1,Sean Corbin, Scott Foster, Eli Roe,29,23,25,25,0,102,108.4,124.3,20,33,40,24,0,117,124.3,108.4
84,200712120MIL,"8:00 PM, December 12, 2007",2008,"Bradley Center, Milwaukee, Wisconsin",Orlando Magic,Milwaukee Bucks,"14,617",98.4,Luis Grillo, Ken Mauer, Ron Olesiak,20,20,21,25,0,86,87.4,101.6,32,21,22,25,0,100,101.6,87.4
85,200712120NYK,"7:30 PM, December 12, 2007",2008,"Madison Square Garden (IV), New York, New York",Seattle SuperSonics,New York Knicks,"17,637",94.6,Bob Delaney, Phil Robinson, Derrick Stafford,27,26,30,34,0,117,123.6,116.2,31,25,23,31,0,110,116.2,123.6
86,200712120PHI,"7:00 PM, December 12, 2007",2008,"Wachovia Center, Philadelphia, Pennsylvania",Minnesota Timberwolves,Philadelphia 76ers,"10,971",88.4,Mark Lindsay, Bennett Salvatore, Leon Wood,21,24,29,20,0,94,106.4,110.9,28,23,28,19,0,98,110.9,106.4
87,200712120PHO,"10:30 PM, December 12, 2007",2008,"US Airways Center, Phoenix, Arizona",Utah Jazz,Phoenix Suns,"18,422",94.2,Mark Ayotte, Derrick Collins, Ron Garretson,22,23,20,33,0,98,104.0,109.4,24,25,18,36,0,103,109.4,104.0
88,200712120POR,"10:00 PM, December 12, 2007",2008,"Rose Garden Arena, Portland, Oregon",Golden State Warriors,Portland Trail Blazers,"15,943",91.0,Bennie Adams, Matt Boland, Dan Crawford,22,27,28,18,0,95,104.4,115.4,22,32,31,20,0,105,115.4,104.4
89,200712120TOR,"7:00 PM, December 12, 2007",2008,"Air Canada Centre, Toronto, Canada",Dallas Mavericks,Toronto Raptors,"19,800",81.4,Violet Palmer, Tom Washington, Gary Zielinski,17,19,23,17,0,76,93.4,113.0,21,33,21,17,0,92,113.0,93.4
90,200712130LAL,"10:30 PM, December 13, 2007",2008,"STAPLES Center, Los Angeles, California",San Antonio Spurs,Los Angeles Lakers,"18,997",95.1,Matt Boland, James Capers, Jim Clark,19,24,31,23,0,97,102.0,107.2,18,33,21,30,0,102,107.2,102.0
91,200712130MIA,"8:00 PM, December 13, 2007",2008,"AmericanAirlines Arena, Miami, Florida",Washington Wizards,Miami Heat,"19,600",88.2,Marc Davis, Kevin Fehr, Steve Javie,28,31,23,22,0,104,117.9,103.2,16,33,21,21,0,91,103.2,117.9
92,200712140BOS,"7:30 PM, December 14, 2007",2008,"TD Banknorth Garden, Boston, Massachusetts",Milwaukee Bucks,Boston Celtics,"18,624",88.9,Bob Delaney, Olandis Poole, Derrick Stafford,21,23,15,23,0,82,92.2,116.9,25,21,32,26,0,104,116.9,92.2
93,200712140CHA,"8:00 PM, December 14, 2007",2008,"Charlotte Bobcats Arena, Charlotte, North Carolina",Orlando Magic,Charlotte Bobcats,"19,109",90.3,Monty McCutchen, Scott Wall, Gary Zielinski,23,19,30,31,0,103,114.1,96.4,24,27,13,23,0,87,96.4,114.1
94,200712140CHI,"8:30 PM, December 14, 2007",2008,"United Center, Chicago, Illinois",New York Knicks,Chicago Bulls,"21,751",92.6,Bill Kennedy, Ed Malloy, Mark Wunderlich,19,26,19,32,0,96,103.6,109.0,23,25,25,28,0,101,109.0,103.6
95,200712140DAL,"8:30 PM, December 14, 2007",2008,"American Airlines Center, Dallas, Texas",New Orleans Hornets,Dallas Mavericks,"20,071",85.7,Scott Foster, David Jones, Eric Lewis,13,22,22,23,0,80,93.4,103.9,24,19,18,28,0,89,103.9,93.4
96,200712140DET,"8:00 PM, December 14, 2007",2008,"The Palace of Auburn Hills, Auburn Hills, Michigan",Atlanta Hawks,Detroit Pistons,"22,076",86.3,David Guthrie, Ken Mauer, Phil Robinson,16,17,20,28,0,81,93.9,105.4,21,26,17,27,0,91,105.4,93.9
97,200712140GSW,"10:30 PM, December 14, 2007",2008,"Oracle Arena, Oakland, California",Los Angeles Lakers,Golden State Warriors,"20,705",101.0,John Goble, Rodney Mott, Jack Nies,28,26,31,21,0,106,104.9,106.9,17,30,36,25,0,108,106.9,104.9
98,200712140IND,"7:00 PM, December 14, 2007",2008,"Conseco Fieldhouse, Indianapolis, Indiana",Toronto Raptors,Indiana Pacers,"10,437",93.2,Tony Brothers, Tony Brown, Mike Callahan,21,20,28,35,0,104,111.6,99.8,25,27,23,18,0,93,99.8,111.6
99,200712140MEM,"8:00 PM, December 14, 2007",2008,"FedEx Forum, Memphis, Tennessee",Los Angeles Clippers,Memphis Grizzlies,"10,819",99.2,Joe Forte, Courtney Kirkland, Tommy Nunez,24,22,22,30,0,98,98.8,91.8,19,25,22,25,0,91,91.8,98.8
100,200712140MIN,"8:00 PM, December 14, 2007",2008,"Target Center, Minneapolis, Minnesota",Seattle SuperSonics,Minnesota Timberwolves,"16,523",99.4,Violet Palmer, Leroy Richardson, Bill Spooner,11,32,32,24,0,99,99.6,88.5,26,20,19,23,0,88,88.5,99.6
101,200712140NJN,"8:00 PM, December 14, 2007",2008,"Izod Center, East Rutherford, New Jersey",Cleveland Cavaliers,New Jersey Nets,"15,242",87.8,Bennie Adams, Joe DeRosa, Eli Roe,25,32,21,19,0,97,110.5,119.6,21,29,30,25,0,105,119.6,110.5
102,200712140PHI,"7:00 PM, December 14, 2007",2008,"Wachovia Center, Philadelphia, Pennsylvania",Sacramento Kings,Philadelphia 76ers,"10,856",93.1,Sean Corbin, Brian Forte, Greg Willard,24,27,34,24,0,109,117.1,106.4,28,23,23,25,0,99,106.4,117.1
103,200712140POR,"10:00 PM, December 14, 2007",2008,"Rose Garden Arena, Portland, Oregon",Utah Jazz,Portland Trail Blazers,"19,980",93.8,Joe Crawford, Michael Smith, Sean Wright,26,28,20,17,0,91,97.0,105.5,28,25,17,29,0,99,105.5,97.0
104,200712150ATL,"7:00 PM, December 15, 2007",2008,"Philips Arena, Atlanta, Georgia",Charlotte Bobcats,Atlanta Hawks,"14,040",87.5,Bennie Adams, Dan Crawford, Eric Lewis,22,19,18,25,0,84,95.9,106.2,23,26,25,19,0,93,106.2,95.9
105,200712150CLE,"7:30 PM, December 15, 2007",2008,"Quicken Loans Arena, Cleveland, Ohio",Philadelphia 76ers,Cleveland Cavaliers,"20,562",92.5,Tony Brown, Derek Richardson, Mark Wunderlich,18,33,16,25,0,92,99.5,93.0,26,20,22,18,0,86,93.0,99.5
106,200712150HOU,"8:30 PM, December 15, 2007",2008,"Toyota Center, Houston, Texas",Dallas Mavericks,Houston Rockets,"18,307",81.3,Derrick Collins, Ron Garretson, Mark Lindsay,25,13,30,28,0,96,118.1,102.1,21,20,20,22,0,83,102.1,118.1
107,200712150MIA,"7:30 PM, December 15, 2007",2008,"AmericanAirlines Arena, Miami, Florida",Indiana Pacers,Miami Heat,"19,600",99.4,Mark Ayotte, Dick Bavetta, Jason Phillips,25,27,26,28,0,106,106.6,103.6,27,28,24,24,0,103,103.6,106.6
108,200712150MIL,"8:30 PM, December 15, 2007",2008,"Bradley Center, Milwaukee, Wisconsin",Minnesota Timberwolves,Milwaukee Bucks,"15,512",82.8,Joe DeRosa, Courtney Kirkland, Tommy Nunez,19,23,16,34,0,92,111.1,114.7,22,18,26,29,0,95,114.7,111.1
109,200712150NOH,"8:00 PM, December 15, 2007",2008,"New Orleans Arena, New Orleans, Louisiana",Phoenix Suns,New Orleans Hornets,"13,705",92.9,Joe Forte, Luis Grillo, Zach Zarba,26,20,34,18,0,98,105.5,108.7,31,28,21,21,0,101,108.7,105.5
110,200712150NYK,"7:30 PM, December 15, 2007",2008,"Madison Square Garden (IV), New York, New York",New Jersey Nets,New York Knicks,"18,225",88.0,Tony Brothers, Mike Callahan, Ron Olesiak,24,14,24,24,0,86,97.7,106.8,18,22,30,24,0,94,106.8,97.7
111,200712150ORL,"7:00 PM, December 15, 2007",2008,"Amway Arena, Orlando, Florida",Memphis Grizzlies,Orlando Magic,"17,519",97.5,Marc Davis, Brian Forte, Steve Javie,30,25,30,38,0,123,126.1,122.0,29,30,29,31,0,119,122.0,126.1
112,200712150SAS,"8:30 PM, December 15, 2007",2008,"AT&T Center, San Antonio, Texas",Denver Nuggets,San Antonio Spurs,"18,797",92.0,Kevin Fehr, Pat Fraher, Eddie F. Rush,27,23,18,23,0,91,99.0,110.9,22,34,36,10,0,102,110.9,99.0
113,200712150UTA,"9:00 PM, December 15, 2007",2008,"EnergySolutions Arena, Salt Lake City, Utah",Seattle SuperSonics,Utah Jazz,"19,911",94.5,Matt Boland, James Capers, Jim Clark,27,13,26,9,0,75,79.3,101.5,20,31,25,20,0,96,101.5,79.3
114,200712150WAS,"7:00 PM, December 15, 2007",2008,"Verizon Center, Washington, District of Columbia",Sacramento Kings,Washington Wizards,"20,173",87.3,David Guthrie, Phil Robinson, Bennett Salvatore,24,27,16,12,0,79,90.5,105.3,33,19,28,12,0,92,105.3,90.5
115,200712160DEN,"8:00 PM, December 16, 2007",2008,"Pepsi Center, Denver, Colorado",Portland Trail Blazers,Denver Nuggets,"13,678",89.6,Mark Lindsay, Bill Spooner, Leon Wood,30,31,31,24,0,116,129.5,117.2,25,24,24,32,0,105,117.2,129.5
116,200712160DET,"12:30 PM, December 16, 2007",2008,"The Palace of Auburn Hills, Auburn Hills, Michigan",Golden State Warriors,Detroit Pistons,"22,076",87.5,Scott Foster, Eli Roe, Scott Wall,22,13,32,20,0,87,99.5,124.6,23,35,29,22,0,109,124.6,99.5
117,200712160LAL,"9:30 PM, December 16, 2007",2008,"STAPLES Center, Los Angeles, California",Los Angeles Clippers,Los Angeles Lakers,"18,997",93.8,Violet Palmer, Leroy Richardson, Tom Washington,15,29,32,16,0,92,98.1,120.5,29,28,25,31,0,113,120.5,98.1
118,200712160TOR,"1:00 PM, December 16, 2007",2008,"Air Canada Centre, Toronto, Canada",Boston Celtics,Toronto Raptors,"19,800",86.0,Bill Kennedy, Ed Malloy, Greg Willard,27,23,21,19,0,90,104.6,89.5,17,19,18,23,0,77,89.5,104.6
119,200712170ATL,"7:00 PM, December 17, 2007",2008,"Philips Arena, Atlanta, Georgia",Utah Jazz,Atlanta Hawks,"15,263",93.2,Derek Richardson, Eddie F. Rush, Mark Wunderlich,31,22,33,25,0,111,119.1,124.5,25,26,35,30,0,116,124.5,119.1
120,200712170CLE,"7:00 PM, December 17, 2007",2008,"Quicken Loans Arena, Cleveland, Ohio",Milwaukee Bucks,Cleveland Cavaliers,"20,562",84.1,Dan Crawford, John Goble, Monty McCutchen,24,20,19,22,14,99,97.4,102.3,26,20,14,25,19,104,102.3,97.4
121,200712170DAL,"8:30 PM, December 17, 2007",2008,"American Airlines Center, Dallas, Texas",Orlando Magic,Dallas Mavericks,"20,114",89.4,Dick Bavetta, Pat Fraher, Jason Phillips,27,27,25,29,0,108,120.8,124.2,29,28,27,27,0,111,124.2,120.8
122,200712170MEM,"8:00 PM, December 17, 2007",2008,"FedEx Forum, Memphis, Tennessee",Golden State Warriors,Memphis Grizzlies,"10,549",103.5,Mark Ayotte, Sean Corbin, Bennett Salvatore,32,34,29,30,0,125,120.8,113.0,34,22,21,40,0,117,113.0,120.8
123,200712170MIA,"7:30 PM, December 17, 2007",2008,"AmericanAirlines Arena, Miami, Florida",Minnesota Timberwolves,Miami Heat,"19,600",97.1,Bennie Adams, Bob Delaney, Derrick Stafford,24,23,17,23,0,87,89.6,93.7,27,14,19,31,0,91,93.7,89.6
124,200712170NYK,"7:30 PM, December 17, 2007",2008,"Madison Square Garden (IV), New York, New York",Indiana Pacers,New York Knicks,"17,932",96.9,Derrick Collins, Ron Garretson, David Guthrie,26,27,31,35,0,119,122.8,95.0,27,19,26,20,0,92,95.0,122.8
125,200712170POR,"10:00 PM, December 17, 2007",2008,"Rose Garden Arena, Portland, Oregon",New Orleans Hornets,Portland Trail Blazers,"15,183",77.8,Jim Clark, Tommy Nunez, Violet Palmer,20,19,21,16,0,76,97.7,113.1,20,17,27,24,0,88,113.1,97.7
126,200712170SAS,"8:30 PM, December 17, 2007",2008,"AT&T Center, San Antonio, Texas",Phoenix Suns,San Antonio Spurs,"18,797",91.2,David Jones, Eric Lewis, Jack Nies,26,25,23,26,0,100,109.7,104.2,20,30,17,28,0,95,104.2,109.7
127,200712180CHI,"8:30 PM, December 18, 2007",2008,"United Center, Chicago, Illinois",Los Angeles Lakers,Chicago Bulls,"22,310",93.6,Joe Crawford, Monty McCutchen, Phil Robinson,21,28,24,30,0,103,110.0,97.2,15,30,23,23,0,91,97.2,110.0
128,200712180LAC,"10:30 PM, December 18, 2007",2008,"STAPLES Center, Los Angeles, California",Toronto Raptors,Los Angeles Clippers,"14,455",84.7,James Capers, Jim Clark, Mark Lindsay,19,22,24,15,0,80,94.5,90.9,23,26,11,17,0,77,90.9,94.5
129,200712180NJN,"7:30 PM, December 18, 2007",2008,"Izod Center, East Rutherford, New Jersey",Sacramento Kings,New Jersey Nets,"11,902",93.6,Matt Boland, Scott Foster, Rodney Mott,28,24,25,29,0,106,113.2,107.9,25,25,28,23,0,101,107.9,113.2
130,200712190ATL,"7:00 PM, December 19, 2007",2008,"Philips Arena, Atlanta, Georgia",Miami Heat,Atlanta Hawks,"17,069",87.8,Scott Foster, Courtney Kirkland, Eric Lewis,22,25,30,27,7,111,114.5,117.6,25,26,31,22,10,114,117.6,114.5
131,200712190BOS,"7:00 PM, December 19, 2007",2008,"TD Banknorth Garden, Boston, Massachusetts",Detroit Pistons,Boston Celtics,"18,624",82.1,Mark Ayotte, Ron Garretson, Michael Smith,25,20,16,26,0,87,106.0,103.6,29,23,13,20,0,85,103.6,106.0
132,200712190CHA,"7:00 PM, December 19, 2007",2008,"Charlotte Bobcats Arena, Charlotte, North Carolina",Utah Jazz,Charlotte Bobcats,"13,014",92.8,Bob Delaney, Luis Grillo, Ron Olesiak,19,24,26,23,0,92,99.1,105.6,21,22,24,31,0,98,105.6,99.1
133,200712190DAL,"9:30 PM, December 19, 2007",2008,"American Airlines Center, Dallas, Texas",Phoenix Suns,Dallas Mavericks,"20,316",96.2,Derek Richardson, Eddie F. Rush, Mark Wunderlich,20,34,23,28,0,105,109.2,112.3,37,21,25,25,0,108,112.3,109.2
134,200712190HOU,"8:30 PM, December 19, 2007",2008,"Toyota Center, Houston, Texas",Orlando Magic,Houston Rockets,"18,270",94.8,David Jones, Jack Nies, Eli Roe,15,29,27,26,0,97,102.4,97.1,22,18,22,30,0,92,97.1,102.4
135,200712190IND,"7:00 PM, December 19, 2007",2008,"Conseco Fieldhouse, Indianapolis, Indiana",Philadelphia 76ers,Indiana Pacers,"10,265",96.1,Dan Crawford, John Goble, Rodney Mott,28,19,20,18,0,85,88.4,106.1,26,24,31,21,0,102,106.1,88.4
136,200712190MEM,"8:00 PM, December 19, 2007",2008,"FedEx Forum, Memphis, Tennessee",San Antonio Spurs,Memphis Grizzlies,"13,260",87.9,Bennie Adams, Joe DeRosa, Derrick Stafford,19,16,24,26,0,85,96.7,100.2,31,18,27,12,0,88,100.2,96.7
137,200712190MIL,"8:00 PM, December 19, 2007",2008,"Bradley Center, Milwaukee, Wisconsin",Sacramento Kings,Milwaukee Bucks,"13,746",86.1,Mike Callahan, Bill Kennedy, Ed Malloy,28,18,22,34,0,102,118.4,103.3,26,21,21,21,0,89,103.3,118.4
138,200712190MIN,"8:00 PM, December 19, 2007",2008,"Target Center, Minneapolis, Minnesota",Golden State Warriors,Minnesota Timberwolves,"13,001",95.7,Derrick Collins, Joe Forte, Zach Zarba,26,28,37,20,0,111,116.0,102.4,29,33,17,19,0,98,102.4,116.0
139,200712190NYK,"7:30 PM, December 19, 2007",2008,"Madison Square Garden (IV), New York, New York",Cleveland Cavaliers,New York Knicks,"18,704",87.5,Marc Davis, Pat Fraher, Greg Willard,30,20,20,20,0,90,102.9,123.4,31,32,24,21,0,108,123.4,102.9
140,200712190POR,"10:00 PM, December 19, 2007",2008,"Rose Garden Arena, Portland, Oregon",Toronto Raptors,Portland Trail Blazers,"16,066",84.6,Jason Phillips, Leroy Richardson, Tom Washington,30,26,27,13,0,96,113.5,119.4,31,20,25,25,0,101,119.4,113.5
141,200712190SEA,"10:00 PM, December 19, 2007",2008,"KeyArena at Seattle Center, Seattle, Washington",New Orleans Hornets,Seattle SuperSonics,"11,968",89.1,Dick Bavetta, Sean Corbin, David Guthrie,24,28,29,26,0,107,120.1,104.4,17,16,30,30,0,93,104.4,120.1
142,200712190WAS,"7:00 PM, December 19, 2007",2008,"Verizon Center, Washington, District of Columbia",Chicago Bulls,Washington Wizards,"14,792",95.2,Matt Boland, Scott Foster, Courtney Kirkland,20,25,20,30,0,95,99.8,88.2,27,13,23,21,0,84,88.2,99.8
143,200712200CLE,"8:00 PM, December 20, 2007",2008,"Quicken Loans Arena, Cleveland, Ohio",Los Angeles Lakers,Cleveland Cavaliers,"20,562",89.5,Derrick Collins, Ron Garretson, Zach Zarba,28,25,25,12,0,90,100.6,105.1,28,23,22,21,0,94,105.1,100.6
144,200712200DEN,"10:30 PM, December 20, 2007",2008,"Pepsi Center, Denver, Colorado",Houston Rockets,Denver Nuggets,"16,157",92.3,Jason Phillips, Leroy Richardson, Tom Washington,23,19,27,25,17,111,99.6,100.5,18,26,29,21,18,112,100.5,99.6
145,200712200MIA,"7:30 PM, December 20, 2007",2008,"AmericanAirlines Arena, Miami, Florida",New Jersey Nets,Miami Heat,"19,600",83.8,Joe Crawford, Olandis Poole, Scott Wall,21,20,25,28,13,107,115.6,111.3,21,23,26,24,9,103,111.3,115.6
146,200712210BOS,"7:00 PM, December 21, 2007",2008,"TD Banknorth Garden, Boston, Massachusetts",Chicago Bulls,Boston Celtics,"18,624",98.1,Bennett Salvatore, Leon Wood, Gary Zielinski,19,22,26,15,0,82,83.6,109.0,26,30,31,20,0,107,109.0,83.6
147,200712210CHA,"7:00 PM, December 21, 2007",2008,"Charlotte Bobcats Arena, Charlotte, North Carolina",New York Knicks,Charlotte Bobcats,"15,130",92.5,Mike Callahan, Kevin Fehr, Bill Kennedy,24,20,22,29,0,95,102.8,113.6,34,33,18,20,0,105,113.6,102.8
148,200712210DAL,"9:30 PM, December 21, 2007",2008,"American Airlines Center, Dallas, Texas",Los Angeles Clippers,Dallas Mavericks,"20,246",86.0,Mark Ayotte, Bob Delaney, Luis Grillo,22,20,21,26,0,89,103.5,118.7,23,31,19,29,0,102,118.7,103.5
149,200712210DET,"8:00 PM, December 21, 2007",2008,"The Palace of Auburn Hills, Auburn Hills, Michigan",Memphis Grizzlies,Detroit Pistons,"22,076",88.6,Jim Clark, Rodney Mott, Tommy Nunez,18,20,16,13,0,67,75.6,106.1,21,21,26,26,0,94,106.1,75.6
150,200712210MIN,"8:00 PM, December 21, 2007",2008,"Target Center, Minneapolis, Minnesota",Indiana Pacers,Minnesota Timberwolves,"15,379",99.8,Tony Brown, Marc Davis, Greg Willard,40,15,30,33,0,118,118.3,131.3,20,40,36,35,0,131,131.3,118.3
151,200712210ORL,"7:00 PM, December 21, 2007",2008,"Amway Arena, Orlando, Florida",Utah Jazz,Orlando Magic,"17,519",91.9,Bennie Adams, Scott Foster, John Goble,28,21,30,34,0,113,122.9,102.3,27,23,20,24,0,94,102.3,122.9
152,200712210PHI,"7:00 PM, December 21, 2007",2008,"Wachovia Center, Philadelphia, Pennsylvania",Los Angeles Lakers,Philadelphia 76ers,"17,903",95.5,Tony Brothers, Ed Malloy, Eddie F. Rush,32,24,28,22,0,106,111.0,105.8,24,29,28,20,0,101,105.8,111.0
153,200712210POR,"10:00 PM, December 21, 2007",2008,"Rose Garden Arena, Portland, Oregon",Denver Nuggets,Portland Trail Blazers,"20,644",88.8,Dick Bavetta, Sean Corbin, David Guthrie,22,30,24,20,0,96,108.1,111.5,30,20,19,30,0,99,111.5,108.1
154,200712210SEA,"10:30 PM, December 21, 2007",2008,"KeyArena at Seattle Center, Seattle, Washington",Toronto Raptors,Seattle SuperSonics,"13,661",98.9,Ron Olesiak, Violet Palmer, Bill Spooner,33,29,21,32,0,115,116.3,124.4,33,23,36,31,0,123,124.4,116.3
155,200712210WAS,"7:00 PM, December 21, 2007",2008,"Verizon Center, Washington, District of Columbia",Atlanta Hawks,Washington Wizards,"16,472",83.4,Joe Forte, Michael Smith, Sean Wright,25,20,23,29,0,97,116.3,110.3,21,26,20,25,0,92,110.3,116.3
156,200712220CHI,"8:30 PM, December 22, 2007",2008,"United Center, Chicago, Illinois",Houston Rockets,Chicago Bulls,"22,434",90.9,James Capers, Dan Crawford, Eric Lewis,21,31,34,30,0,116,127.6,107.8,26,22,24,26,0,98,107.8,127.6
157,200712220IND,"7:00 PM, December 22, 2007",2008,"Conseco Fieldhouse, Indianapolis, Indiana",Washington Wizards,Indiana Pacers,"11,583",91.3,Ed Malloy, Derek Richardson, Mark Wunderlich,18,16,27,24,0,85,93.1,101.8,22,23,23,25,0,93,101.8,93.1
158,200712220MEM,"8:00 PM, December 22, 2007",2008,"FedEx Forum, Memphis, Tennessee",Philadelphia 76ers,Memphis Grizzlies,"11,541",90.1,Derrick Collins, Ron Garretson, Jason Phillips,25,22,22,30,0,99,109.9,107.7,30,22,22,23,0,97,107.7,109.9
159,200712220MIA,"7:30 PM, December 22, 2007",2008,"AmericanAirlines Arena, Miami, Florida",Utah Jazz,Miami Heat,"19,600",89.2,Joe DeRosa, David Jones, Eli Roe,23,19,21,39,0,102,114.3,116.5,21,29,24,30,0,104,116.5,114.3
160,200712220MIL,"8:30 PM, December 22, 2007",2008,"Bradley Center, Milwaukee, Wisconsin",Charlotte Bobcats,Milwaukee Bucks,"15,796",92.6,Joe Forte, Derrick Stafford, Zach Zarba,26,21,24,28,0,99,106.9,111.2,35,23,27,18,0,103,111.2,106.9
161,200712220NJN,"7:30 PM, December 22, 2007",2008,"Izod Center, East Rutherford, New Jersey",Golden State Warriors,New Jersey Nets,"15,032",97.2,Monty McCutchen, Michael Smith, Sean Wright,17,28,27,23,0,95,97.8,102.9,27,25,28,20,0,100,102.9,97.8
162,200712220NOH,"8:00 PM, December 22, 2007",2008,"New Orleans Arena, New Orleans, Louisiana",Minnesota Timberwolves,New Orleans Hornets,"11,257",91.7,Joe Crawford, Olandis Poole, Scott Wall,20,18,15,23,0,76,82.9,119.9,30,23,26,31,0,110,119.9,82.9
163,200712220PHO,"9:00 PM, December 22, 2007",2008,"US Airways Center, Phoenix, Arizona",Toronto Raptors,Phoenix Suns,"18,422",89.8,Dick Bavetta, Sean Corbin, David Guthrie,30,31,22,20,0,103,114.7,135.8,35,31,37,19,0,122,135.8,114.7
164,200712220SAS,"8:30 PM, December 22, 2007",2008,"AT&T Center, San Antonio, Texas",Los Angeles Clippers,San Antonio Spurs,"18,797",88.6,Mike Callahan, Brian Forte, Bill Kennedy,16,23,24,27,0,90,101.5,111.7,24,36,17,22,0,99,111.7,101.5
165,200712230BOS,"6:30 PM, December 23, 2007",2008,"TD Banknorth Garden, Boston, Massachusetts",Orlando Magic,Boston Celtics,"18,624",88.9,Tony Brothers, Pat Fraher, Eddie F. Rush,21,21,22,27,0,91,102.3,115.8,27,22,29,25,0,103,115.8,102.3
166,200712230CLE,"6:00 PM, December 23, 2007",2008,"Quicken Loans Arena, Cleveland, Ohio",Golden State Warriors,Cleveland Cavaliers,"20,562",93.8,Jim Clark, Rodney Mott, Tommy Nunez,38,25,28,14,0,105,112.0,102.4,22,28,17,29,0,96,102.4,112.0
167,200712230DET,"6:00 PM, December 23, 2007",2008,"The Palace of Auburn Hills, Auburn Hills, Michigan",Houston Rockets,Detroit Pistons,"22,076",89.1,John Goble, Bennett Salvatore, Leon Wood,22,22,16,22,0,82,92.1,105.5,25,26,27,16,0,94,105.5,92.1
168,200712230NYK,"12:00 PM, December 23, 2007",2008,"Madison Square Garden (IV), New York, New York",Los Angeles Lakers,New York Knicks,"19,763",90.9,Matt Boland, Courtney Kirkland, Tom Washington,31,24,20,20,0,95,104.5,99.0,21,16,24,29,0,90,99.0,104.5
169,200712230SAC,"9:00 PM, December 23, 2007",2008,"ARCO Arena (II), Sacramento, California",Denver Nuggets,Sacramento Kings,"15,055",104.8,Ron Olesiak, Violet Palmer, Bill Spooner,23,28,26,29,0,106,101.1,100.2,31,35,21,18,0,105,100.2,101.1
170,200712250CLE,"2:30 PM, December 25, 2007",2008,"Quicken Loans Arena, Cleveland, Ohio",Miami Heat,Cleveland Cavaliers,"20,562",91.8,Bob Delaney, Luis Grillo, Sean Wright,17,30,14,21,0,82,89.3,104.6,25,18,24,29,0,96,104.6,89.3
171,200712250LAL,"5:00 PM, December 25, 2007",2008,"STAPLES Center, Los Angeles, California",Phoenix Suns,Los Angeles Lakers,"18,997",99.9,Bill Kennedy, Greg Willard, Gary Zielinski,26,36,27,26,0,115,115.2,122.2,25,37,30,30,0,122,122.2,115.2
172,200712250POR,"8:00 PM, December 25, 2007",2008,"Rose Garden Arena, Portland, Oregon",Seattle SuperSonics,Portland Trail Blazers,"20,527",84.0,Scott Foster, Eric Lewis, Rodney Mott,24,20,18,17,0,79,94.1,106.0,24,22,24,19,0,89,106.0,94.1
173,200712260ATL,"7:00 PM, December 26, 2007",2008,"Philips Arena, Atlanta, Georgia",Indiana Pacers,Atlanta Hawks,"16,070",98.7,Monty McCutchen, Phil Robinson, Scott Wall,25,20,25,25,0,95,96.2,108.4,23,29,24,31,0,107,108.4,96.2
174,200712260CHA,"7:00 PM, December 26, 2007",2008,"Charlotte Bobcats Arena, Charlotte, North Carolina",Washington Wizards,Charlotte Bobcats,"14,705",93.9,Derrick Collins, Leroy Richardson, Bill Spooner,41,17,23,27,0,108,115.0,110.7,30,25,19,30,0,104,110.7,115.0
175,200712260DEN,"9:00 PM, December 26, 2007",2008,"Pepsi Center, Denver, Colorado",Milwaukee Bucks,Denver Nuggets,"18,701",103.5,James Capers, Joe DeRosa, Tommy Nunez,17,21,28,39,0,105,101.4,120.8,28,40,27,30,0,125,120.8,101.4
176,200712260GSW,"10:30 PM, December 26, 2007",2008,"Oracle Arena, Oakland, California",Minnesota Timberwolves,Golden State Warriors,"19,596",100.6,Mike Callahan, Kevin Fehr, Derek Richardson,24,19,31,27,0,101,100.4,104.4,33,23,30,19,0,105,104.4,100.4
177,200712260MEM,"8:00 PM, December 26, 2007",2008,"FedEx Forum, Memphis, Tennessee",New Orleans Hornets,Memphis Grizzlies,"11,189",90.4,Marc Davis, Pat Fraher, Steve Javie,27,25,34,30,0,116,128.3,108.4,29,21,23,25,0,98,108.4,128.3
178,200712260NJN,"7:30 PM, December 26, 2007",2008,"Izod Center, East Rutherford, New Jersey",Detroit Pistons,New Jersey Nets,"18,055",84.4,Tony Brothers, Tony Brown, Eddie F. Rush,26,19,31,25,0,101,119.7,98.4,24,20,18,21,0,83,98.4,119.7
179,200712260ORL,"7:00 PM, December 26, 2007",2008,"Amway Arena, Orlando, Florida",New York Knicks,Orlando Magic,"17,519",92.9,Ken Mauer, Olandis Poole, Michael Smith,31,20,25,20,0,96,103.3,118.3,26,24,29,31,0,110,118.3,103.3
180,200712260PHI,"6:00 PM, December 26, 2007",2008,"Wachovia Center, Philadelphia, Pennsylvania",Miami Heat,Philadelphia 76ers,"18,431",92.7,Joe Forte, Derrick Stafford, Zach Zarba,17,21,26,21,0,85,91.6,103.5,25,30,19,22,0,96,103.5,91.6
181,200712260SAC,"10:00 PM, December 26, 2007",2008,"ARCO Arena (II), Sacramento, California",Boston Celtics,Sacramento Kings,"17,317",84.8,Courtney Kirkland, Jack Nies, Eli Roe,18,35,13,23,0,89,104.9,81.3,16,13,27,13,0,69,81.3,104.9
182,200712260SAS,"8:30 PM, December 26, 2007",2008,"AT&T Center, San Antonio, Texas",Chicago Bulls,San Antonio Spurs,"18,797",83.2,Sean Corbin, Jason Phillips, Tom Washington,22,17,20,20,0,79,95.0,113.0,21,30,21,22,0,94,113.0,95.0
183,200712260UTA,"9:00 PM, December 26, 2007",2008,"EnergySolutions Arena, Salt Lake City, Utah",Dallas Mavericks,Utah Jazz,"19,911",89.9,Ron Garretson, Leon Wood, Gary Zielinski,18,28,24,20,0,90,100.1,110.1,29,18,31,21,0,99,110.1,100.1
184,200712270DAL,"8:00 PM, December 27, 2007",2008,"American Airlines Center, Dallas, Texas",Cleveland Cavaliers,Dallas Mavericks,"20,462",94.1,Marc Davis, Ed Malloy, Greg Willard,23,24,21,20,0,88,93.5,86.1,20,18,24,19,0,81,86.1,93.5
185,200712270LAC,"10:30 PM, December 27, 2007",2008,"STAPLES Center, Los Angeles, California",Phoenix Suns,Los Angeles Clippers,"17,871",100.3,Bennie Adams, Scott Foster, Eric Lewis,27,32,30,19,0,108,107.7,87.8,20,20,19,29,0,88,87.8,107.7
186,200712270SEA,"10:30 PM, December 27, 2007",2008,"KeyArena at Seattle Center, Seattle, Washington",Boston Celtics,Seattle SuperSonics,"17,072",88.8,Jim Clark, David Jones, Tommy Nunez,24,23,23,34,0,104,117.1,108.1,19,27,21,29,0,96,108.1,117.1
187,200712280CHA,"7:00 PM, December 28, 2007",2008,"Charlotte Bobcats Arena, Charlotte, North Carolina",New Orleans Hornets,Charlotte Bobcats,"18,237",91.5,Tony Brothers, Tony Brown, Mark Wunderlich,28,25,28,18,0,99,108.2,92.9,14,20,28,23,0,85,92.9,108.2
188,200712280CHI,"8:30 PM, December 28, 2007",2008,"United Center, Chicago, Illinois",Milwaukee Bucks,Chicago Bulls,"22,189",95.4,Derrick Collins, Leroy Richardson, Bennett Salvatore,25,22,29,23,0,99,103.8,108.0,28,18,24,33,0,103,108.0,103.8
189,200712280DET,"8:00 PM, December 28, 2007",2008,"The Palace of Auburn Hills, Auburn Hills, Michigan",Indiana Pacers,Detroit Pistons,"22,076",93.3,David Guthrie, Bill Spooner, Tom Washington,19,22,29,31,0,101,108.3,122.2,24,40,29,21,0,114,122.2,108.3
190,200712280GSW,"10:30 PM, December 28, 2007",2008,"Oracle Arena, Oakland, California",Denver Nuggets,Golden State Warriors,"20,001",99.6,Ron Garretson, Leon Wood, Gary Zielinski,39,32,31,22,0,124,124.5,120.5,32,32,33,23,0,120,120.5,124.5
191,200712280LAL,"10:30 PM, December 28, 2007",2008,"STAPLES Center, Los Angeles, California",Utah Jazz,Los Angeles Lakers,"18,997",97.3,Brian Forte, Pat Fraher, Steve Javie,23,25,26,35,0,109,112.0,126.4,38,37,31,17,0,123,126.4,112.0
192,200712280MEM,"8:00 PM, December 28, 2007",2008,"FedEx Forum, Memphis, Tennessee",Houston Rockets,Memphis Grizzlies,"15,660",92.1,Ken Mauer, Michael Smith, Zach Zarba,22,28,28,25,0,103,111.8,90.1,15,28,22,18,0,83,90.1,111.8
193,200712280MIA,"7:30 PM, December 28, 2007",2008,"AmericanAirlines Arena, Miami, Florida",Orlando Magic,Miami Heat,"19,805",90.0,Monty McCutchen, Ron Olesiak, Phil Robinson,28,22,28,29,14,121,121.8,114.8,26,28,21,32,7,114,114.8,121.8
194,200712280NJN,"7:30 PM, December 28, 2007",2008,"Izod Center, East Rutherford, New Jersey",Washington Wizards,New Jersey Nets,"17,644",85.3,Joe Forte, Mark Lindsay, Derrick Stafford,27,32,27,20,0,106,124.3,127.8,30,23,34,22,0,109,127.8,124.3
195,200712280PHO,"9:00 PM, December 28, 2007",2008,"US Airways Center, Phoenix, Arizona",Los Angeles Clippers,Phoenix Suns,"18,422",94.6,Mike Callahan, Kevin Fehr, Derek Richardson,19,28,18,23,0,88,93.0,99.4,27,24,15,28,0,94,99.4,93.0
196,200712280POR,"10:00 PM, December 28, 2007",2008,"Rose Garden Arena, Portland, Oregon",Minnesota Timberwolves,Portland Trail Blazers,"20,491",91.5,Joe DeRosa, Courtney Kirkland, Eli Roe,19,27,23,29,0,98,107.1,119.1,25,30,23,31,0,109,119.1,107.1
197,200712280SAC,"10:00 PM, December 28, 2007",2008,"ARCO Arena (II), Sacramento, California",Philadelphia 76ers,Sacramento Kings,"13,897",83.7,Bennie Adams, Scott Foster, Eric Lewis,26,24,13,29,0,92,109.9,95.5,25,21,17,17,0,80,95.5,109.9
198,200712280SAS,"8:30 PM, December 28, 2007",2008,"AT&T Center, San Antonio, Texas",Toronto Raptors,San Antonio Spurs,"18,797",85.7,Bob Delaney, Olandis Poole, Scott Wall,19,25,15,24,0,83,96.8,85.2,16,16,24,17,0,73,85.2,96.8
199,200712290DAL,"1:00 PM, December 29, 2007",2008,"American Airlines Center, Dallas, Texas",Atlanta Hawks,Dallas Mavericks,"20,338",91.8,James Capers, John Goble, Jack Nies,21,14,25,24,0,84,91.5,105.7,34,20,21,22,0,97,105.7,91.5
200,200712290HOU,"8:30 PM, December 29, 2007",2008,"Toyota Center, Houston, Texas",Toronto Raptors,Houston Rockets,"18,103",91.7,Marc Davis, Ed Malloy, Mark Wunderlich,19,21,24,15,0,79,86.1,99.2,19,21,28,23,0,91,99.2,86.1
201,200712290IND,"7:00 PM, December 29, 2007",2008,"Conseco Fieldhouse, Indianapolis, Indiana",Detroit Pistons,Indiana Pacers,"14,960",87.9,Derrick Collins, Ken Mauer, Leroy Richardson,25,27,24,22,0,98,111.5,104.7,25,26,19,22,0,92,104.7,111.5
202,200712290MIL,"8:30 PM, December 29, 2007",2008,"Bradley Center, Milwaukee, Wisconsin",New Jersey Nets,Milwaukee Bucks,"16,562",89.6,Sean Corbin, David Guthrie, Tom Washington,19,24,22,32,0,97,108.3,106.1,25,18,20,32,0,95,106.1,108.3
203,200712290NOH,"8:00 PM, December 29, 2007",2008,"New Orleans Arena, New Orleans, Louisiana",Cleveland Cavaliers,New Orleans Hornets,"17,623",80.6,Matt Boland, Monty McCutchen, Michael Smith,18,24,15,19,0,76,94.3,106.7,26,20,25,15,0,86,106.7,94.3
204,200712290ORL,"7:00 PM, December 29, 2007",2008,"Amway Arena, Orlando, Florida",Charlotte Bobcats,Orlando Magic,"17,519",93.8,Luis Grillo, Eddie F. Rush, Sean Wright,29,22,21,23,0,95,101.3,110.8,28,24,25,27,0,104,110.8,101.3
205,200712290SEA,"10:00 PM, December 29, 2007",2008,"KeyArena at Seattle Center, Seattle, Washington",Minnesota Timberwolves,Seattle SuperSonics,"14,038",93.5,Mark Ayotte, Ron Garretson, Jason Phillips,30,16,13,31,0,90,96.2,116.5,21,36,27,25,0,109,116.5,96.2
206,200712290UTA,"9:00 PM, December 29, 2007",2008,"EnergySolutions Arena, Salt Lake City, Utah",Boston Celtics,Utah Jazz,"19,911",85.3,Mike Callahan, Kevin Fehr, Bill Kennedy,28,21,27,28,0,104,121.9,114.9,29,27,22,20,0,98,114.9,121.9
207,200712290WAS,"7:00 PM, December 29, 2007",2008,"Verizon Center, Washington, District of Columbia",Miami Heat,Washington Wizards,"20,173",86.8,Tony Brothers, Tony Brown, Greg Willard,18,21,16,19,0,74,85.3,110.6,26,32,24,14,0,96,110.6,85.3
208,200712300DEN,"8:00 PM, December 30, 2007",2008,"Pepsi Center, Denver, Colorado",Golden State Warriors,Denver Nuggets,"19,362",103.4,Jim Clark, David Jones, Eric Lewis,26,29,20,30,0,105,101.6,91.9,21,30,21,23,0,95,91.9,101.6
209,200712300LAL,"10:00 PM, December 30, 2007",2008,"STAPLES Center, Los Angeles, California",Boston Celtics,Los Angeles Lakers,"18,997",100.2,Mark Ayotte, Bennett Salvatore, Leon Wood,32,21,29,28,0,110,109.8,90.8,23,22,21,25,0,91,90.8,109.8
210,200712300NYK,"12:00 PM, December 30, 2007",2008,"Madison Square Garden (IV), New York, New York",Chicago Bulls,New York Knicks,"19,763",84.3,Mark Lindsay, Violet Palmer, Bill Spooner,30,20,23,27,0,100,118.6,98.5,22,21,14,26,0,83,98.5,118.6
211,200712300POR,"6:00 PM, December 30, 2007",2008,"Rose Garden Arena, Portland, Oregon",Philadelphia 76ers,Portland Trail Blazers,"20,464",83.2,Pat Fraher, Steve Javie, Derek Richardson,16,29,18,9,0,72,86.5,116.6,21,15,26,35,0,97,116.6,86.5
212,200712300SAC,"9:00 PM, December 30, 2007",2008,"ARCO Arena (II), Sacramento, California",Phoenix Suns,Sacramento Kings,"15,962",94.4,Joe DeRosa, Rodney Mott, Tommy Nunez,32,32,29,24,0,117,123.9,108.0,28,27,31,16,0,102,108.0,123.9
213,200712300SAS,"8:30 PM, December 30, 2007",2008,"AT&T Center, San Antonio, Texas",Memphis Grizzlies,San Antonio Spurs,"18,797",89.9,Joe Forte, Phil Robinson, Sean Wright,32,14,18,23,0,87,96.8,123.5,22,26,38,25,0,111,123.5,96.8
214,200712310CHA,"2:00 PM, December 31, 2007",2008,"Charlotte Bobcats Arena, Charlotte, North Carolina",Indiana Pacers,Charlotte Bobcats,"12,223",89.7,Scott Foster, John Goble, Jack Nies,24,29,24,17,9,103,104.0,108.1,28,19,19,28,13,107,108.1,104.0
215,200712310CHI,"2:00 PM, December 31, 2007",2008,"United Center, Chicago, Illinois",Orlando Magic,Chicago Bulls,"22,126",86.9,Bob Delaney, Scott Wall, Zach Zarba,29,19,29,19,16,112,116.7,114.6,30,25,20,21,14,110,114.6,116.7
216,200712310DET,"3:30 PM, December 31, 2007",2008,"The Palace of Auburn Hills, Auburn Hills, Michigan",Milwaukee Bucks,Detroit Pistons,"22,076",87.5,Brian Forte, Greg Willard, Mark Wunderlich,15,22,20,12,0,69,78.8,130.3,28,28,30,28,0,114,130.3,78.8
217,200712310HOU,"7:00 PM, December 31, 2007",2008,"Toyota Center, Houston, Texas",Golden State Warriors,Houston Rockets,"18,153",99.4,Tony Brown, Bill Kennedy, Eddie F. Rush,28,24,23,37,0,112,112.7,95.6,22,34,24,15,0,95,95.6,112.7
218,200712310LAC,"9:30 PM, December 31, 2007",2008,"STAPLES Center, Los Angeles, California",Minnesota Timberwolves,Los Angeles Clippers,"14,404",90.9,Ken Mauer, Ron Olesiak, Michael Smith,23,23,24,12,0,82,90.2,100.1,21,20,18,32,0,91,100.1,90.2
219,200712310NOH,"8:00 PM, December 31, 2007",2008,"New Orleans Arena, New Orleans, Louisiana",Toronto Raptors,New Orleans Hornets,"11,444",88.4,Joe Forte, Luis Grillo, Phil Robinson,32,20,19,26,0,97,109.7,104.0,28,20,26,18,0,92,104.0,109.7
220,200712310SEA,"10:00 PM, December 31, 2007",2008,"KeyArena at Seattle Center, Seattle, Washington",Philadelphia 76ers,Seattle SuperSonics,"10,595",87.8,Joe DeRosa, Courtney Kirkland, Eli Roe,21,25,27,25,0,98,111.7,102.5,23,11,28,28,0,90,102.5,111.7
221,200712310UTA,"8:00 PM, December 31, 2007",2008,"EnergySolutions Arena, Salt Lake City, Utah",Portland Trail Blazers,Utah Jazz,"19,911",88.8,Jim Clark, David Jones, Jason Phillips,29,21,29,22,0,101,113.8,125.0,23,29,35,24,0,111,125.0,113.8
