Index,game_id,date,season,team,opp,starting_five,name,mp,fg,fga,fgp,tp,tpa,tpp,ft,fta,ftp,orb,drb,trb,ast,stl,blk,tov,pf,pts,pm,tsp,efgp,tpar,ftr,orbp,drbp,trbp,astp,stlp,blkp,tovp,usgp,ortg,drtg
0,201904010BOS,"7:30 PM, April 1, 2019",2019,Miami Heat,Boston Celtics,1,Kelly Olynyk,39:34,4,11,.364,3,10,.300,3,3,1.000,0,6,6,1,2,1,3,1,14,-1,.568,.500,.909,.273,0.0,13.7,7.5,3.5,2.5,2.4,19.6,16.8,91,111
1,201904010BOS,"7:30 PM, April 1, 2019",2019,Miami Heat,Boston Celtics,1,Goran Dragic,38:55,12,20,.600,3,9,.333,3,3,1.000,0,1,1,5,5,0,3,3,30,-3,.704,.675,.450,.150,0.0,2.3,1.3,24.5,6.3,0.0,12.3,27.0,123,108
2,201904010BOS,"7:30 PM, April 1, 2019",2019,Miami Heat,Boston Celtics,1,Dion Waiters,37:16,5,14,.357,2,8,.250,2,2,1.000,0,2,2,4,1,0,3,4,14,-7,.470,.429,.571,.143,0.0,4.9,2.7,15.4,1.3,0.0,16.8,20.8,87,119
3,201904010BOS,"7:30 PM, April 1, 2019",2019,Miami Heat,Boston Celtics,1,Bam Adebayo,30:41,8,12,.667,1,1,1.000,2,2,1.000,4,10,14,2,0,2,0,3,19,-2,.738,.708,.083,.167,14.2,29.5,22.6,11.4,0.0,6.1,0.0,18.2,157,108
4,201904010BOS,"7:30 PM, April 1, 2019",2019,Miami Heat,Boston Celtics,1,Derrick Jones,17:26,0,1,.000,0,1,.000,1,2,.500,0,2,2,0,0,1,1,1,1,-19,.266,.000,1.000,2.000,0.0,10.4,5.7,0.0,0.0,5.4,34.7,7.1,37,117
5,201904010BOS,"7:30 PM, April 1, 2019",2019,Miami Heat,Boston Celtics,0,Dwyane Wade,29:27,8,17,.471,0,3,.000,1,1,1.000,2,3,5,7,1,0,3,2,17,+7,.487,.471,.176,.059,7.4,9.2,8.4,42.3,1.7,0.0,14.7,30.0,100,117
6,201904010BOS,"7:30 PM, April 1, 2019",2019,Miami Heat,Boston Celtics,0,James Johnson,23:13,2,8,.250,1,4,.250,2,3,.667,0,4,4,6,0,0,2,1,7,+1,.376,.313,.500,.375,0.0,15.6,8.5,34.6,0.0,0.0,17.7,21.1,86,118
7,201904010BOS,"7:30 PM, April 1, 2019",2019,Miami Heat,Boston Celtics,0,Hassan Whiteside,17:19,1,4,.250,0,0,,1,2,.500,2,8,10,2,0,2,0,2,3,-3,.307,.250,.000,.500,12.6,41.8,28.6,14.9,0.0,10.9,0.0,12.2,102,99
8,201904010BOS,"7:30 PM, April 1, 2019",2019,Miami Heat,Boston Celtics,0,Ryan Anderson,6:09,0,1,.000,0,1,.000,0,0,,1,3,4,0,0,0,0,0,0,+2,.000,.000,1.000,.000,17.7,44.2,32.2,0.0,0.0,0.0,0.0,7.0,64,104
9,201904010BOS,"7:30 PM, April 1, 2019",2019,Miami Heat,Boston Celtics,0,Yante Maten,0:00,0.0,0.0,0.0,0.0,0.0,0.0,0.0,0.0,0.0,0.0,0.0,0.0,0.0,0.0,0.0,0.0,0.0,0.0,0.0,0.0,0.0,0.0,0.0,0.0,0.0,0.0,0.0,0.0,0.0,0.0,0.0,0.0,0.0
10,201904010BOS,"7:30 PM, April 1, 2019",2019,Miami Heat,Boston Celtics,0,Udonis Haslem,0:00,0.0,0.0,0.0,0.0,0.0,0.0,0.0,0.0,0.0,0.0,0.0,0.0,0.0,0.0,0.0,0.0,0.0,0.0,0.0,0.0,0.0,0.0,0.0,0.0,0.0,0.0,0.0,0.0,0.0,0.0,0.0,0.0,0.0
11,201904010BOS,"7:30 PM, April 1, 2019",2019,Miami Heat,Boston Celtics,0,Duncan Robinson,0:00,0.0,0.0,0.0,0.0,0.0,0.0,0.0,0.0,0.0,0.0,0.0,0.0,0.0,0.0,0.0,0.0,0.0,0.0,0.0,0.0,0.0,0.0,0.0,0.0,0.0,0.0,0.0,0.0,0.0,0.0,0.0,0.0,0.0
12,201904010BOS,"7:30 PM, April 1, 2019",2019,Boston Celtics,Miami Heat,1,Al Horford,34:05,7,13,.538,0,1,.000,5,5,1.000,4,7,11,10,1,0,1,1,19,+10,.625,.538,.077,.385,10.6,22.4,16.0,53.9,1.4,0.0,6.2,20.1,150,106
13,201904010BOS,"7:30 PM, April 1, 2019",2019,Boston Celtics,Miami Heat,1,Jayson Tatum,33:31,7,15,.467,4,7,.571,1,2,.500,1,5,6,5,1,0,0,0,19,+15,.598,.600,.467,.133,2.7,16.3,8.9,27.6,1.5,0.0,0.0,20.0,135,108
14,201904010BOS,"7:30 PM, April 1, 2019",2019,Boston Celtics,Miami Heat,1,Kyrie Irving,32:32,7,19,.368,5,11,.455,6,6,1.000,1,7,8,3,2,0,6,4,25,+17,.578,.500,.579,.316,2.8,23.5,12.2,17.2,3.0,0.0,21.7,35.9,96,102
15,201904010BOS,"7:30 PM, April 1, 2019",2019,Boston Celtics,Miami Heat,1,Marcus Smart,26:21,6,11,.545,4,8,.500,0,0,,1,0,1,1,1,0,1,2,16,+6,.727,.727,.727,.000,3.4,0.0,1.9,7.3,1.9,0.0,8.3,19.2,128,110
16,201904010BOS,"7:30 PM, April 1, 2019",2019,Boston Celtics,Miami Heat,1,Aron Baynes,25:09,0,7,.000,0,1,.000,4,4,1.000,3,8,11,0,0,1,1,4,4,+3,.228,.000,.143,.571,10.8,34.7,21.6,0.0,0.0,3.7,10.2,16.4,67,104
17,201904010BOS,"7:30 PM, April 1, 2019",2019,Boston Celtics,Miami Heat,0,Gordon Hayward,28:59,4,7,.571,1,3,.333,2,2,1.000,1,3,4,1,2,1,2,3,11,-10,.698,.643,.429,.286,3.1,11.3,6.8,5.6,3.4,3.2,20.2,14.4,114,102
18,201904010BOS,"7:30 PM, April 1, 2019",2019,Boston Celtics,Miami Heat,0,Marcus Morris,24:23,3,11,.273,2,5,.400,0,0,,2,1,3,2,1,0,0,2,8,-5,.364,.364,.455,.000,7.4,4.5,6.1,13.1,2.0,0.0,0.0,19.1,97,109
19,201904010BOS,"7:30 PM, April 1, 2019",2019,Boston Celtics,Miami Heat,0,Terry Rozier,20:08,1,5,.200,1,4,.250,2,2,1.000,0,3,3,2,0,0,1,1,5,-12,.425,.300,.800,.400,0.0,16.3,7.4,14.2,0.0,0.0,14.5,14.4,93,111
20,201904010BOS,"7:30 PM, April 1, 2019",2019,Boston Celtics,Miami Heat,0,Daniel Theis,6:23,0,2,.000,0,0,,1,2,.500,0,1,1,0,0,0,0,1,1,+3,.174,.000,.000,1.000,0.0,17.1,7.8,0.0,0.0,0.0,0.0,19.1,42,110
21,201904010BOS,"7:30 PM, April 1, 2019",2019,Boston Celtics,Miami Heat,0,Semi Ojeleye,5:56,1,1,1.000,0,0,,0,1,.000,0,0,0,0,0,0,0,0,2,-6,.694,1.000,.000,1.000,0.0,0.0,0.0,0.0,0.0,0.0,0.0,10.3,112,115
22,201904010BOS,"7:30 PM, April 1, 2019",2019,Boston Celtics,Miami Heat,0,Guerschon Yabusele,2:33,0,0,,0,0,,0,0,,1,0,1,1,0,0,0,0,0,+4,,,,,35.5,0.0,19.4,52.3,0.0,0.0,,0.0,244,115
23,201904010BOS,"7:30 PM, April 1, 2019",2019,Boston Celtics,Miami Heat,0,Robert Williams,0:00,0.0,0.0,0.0,0.0,0.0,0.0,0.0,0.0,0.0,0.0,0.0,0.0,0.0,0.0,0.0,0.0,0.0,0.0,0.0,0.0,0.0,0.0,0.0,0.0,0.0,0.0,0.0,0.0,0.0,0.0,0.0,0.0,0.0
24,201904010BOS,"7:30 PM, April 1, 2019",2019,Boston Celtics,Miami Heat,0,Brad Wanamaker,0:00,0.0,0.0,0.0,0.0,0.0,0.0,0.0,0.0,0.0,0.0,0.0,0.0,0.0,0.0,0.0,0.0,0.0,0.0,0.0,0.0,0.0,0.0,0.0,0.0,0.0,0.0,0.0,0.0,0.0,0.0,0.0,0.0,0.0
25,201904010BRK,"7:30 PM, April 1, 2019",2019,Milwaukee Bucks,Brooklyn Nets,1,Sterling Brown,35:46,6,11,.545,1,4,.250,1,1,1.000,0,5,5,3,1,0,2,4,14,0,.612,.591,.364,.091,0.0,13.4,7.1,10.3,1.2,0.0,14.9,14.9,106,113
26,201904010BRK,"7:30 PM, April 1, 2019",2019,Milwaukee Bucks,Brooklyn Nets,1,Pat Connaughton,34:24,5,9,.556,2,5,.400,0,0,,1,6,7,3,3,0,0,1,12,+5,.667,.667,.556,.000,3.1,16.7,10.3,10.5,3.7,0.0,0.0,10.4,140,106
27,201904010BRK,"7:30 PM, April 1, 2019",2019,Milwaukee Bucks,Brooklyn Nets,1,Eric Bledsoe,34:12,10,19,.526,3,9,.333,6,6,1.000,0,5,5,7,5,2,4,4,29,+21,.670,.605,.474,.316,0.0,14.0,7.4,29.8,6.2,5.6,15.6,29.7,119,98
28,201904010BRK,"7:30 PM, April 1, 2019",2019,Milwaukee Bucks,Brooklyn Nets,1,Brook Lopez,33:09,5,11,.455,1,5,.200,3,3,1.000,0,2,2,2,2,4,1,2,14,+12,.568,.500,.455,.273,0.0,5.8,3.0,7.3,2.6,11.6,7.5,15.9,109,108
29,201904010BRK,"7:30 PM, April 1, 2019",2019,Milwaukee Bucks,Brooklyn Nets,1,Giannis Antetokounmpo,29:58,9,23,.391,1,3,.333,9,11,.818,5,6,11,2,1,1,4,4,28,+6,.503,.413,.130,.478,17.8,19.2,18.5,9.8,1.4,3.2,12.6,42.1,100,108
30,201904010BRK,"7:30 PM, April 1, 2019",2019,Milwaukee Bucks,Brooklyn Nets,0,George Hill,27:06,8,11,.727,0,2,.000,6,7,.857,0,2,2,3,1,0,1,4,22,-1,.781,.727,.182,.636,0.0,7.1,3.7,16.2,1.6,0.0,6.6,22.0,149,114
31,201904010BRK,"7:30 PM, April 1, 2019",2019,Milwaukee Bucks,Brooklyn Nets,0,Tim Frazier,22:17,2,4,.500,2,3,.667,1,2,.500,0,3,3,7,1,0,1,2,7,+3,.717,.750,.750,.500,0.0,12.9,6.8,35.3,1.9,0.0,17.0,10.5,142,111
32,201904010BRK,"7:30 PM, April 1, 2019",2019,Milwaukee Bucks,Brooklyn Nets,0,D.J. Wilson,21:41,2,5,.400,1,3,.333,0,0,,0,5,5,1,1,0,1,4,5,+9,.500,.500,.600,.000,0.0,22.1,11.7,5.2,2.0,0.0,16.7,11.0,85,107
33,201904010BRK,"7:30 PM, April 1, 2019",2019,Milwaukee Bucks,Brooklyn Nets,0,Bonzie Colson,1:27,0,1,.000,0,0,,0,0,,0,0,0,0,0,0,0,1,0,-5,.000,.000,.000,.000,0.0,0.0,0.0,0.0,0.0,0.0,0.0,27.3,0,120
34,201904010BRK,"7:30 PM, April 1, 2019",2019,Milwaukee Bucks,Brooklyn Nets,0,Khris Middleton,0:00,0.0,0.0,0.0,0.0,0.0,0.0,0.0,0.0,0.0,0.0,0.0,0.0,0.0,0.0,0.0,0.0,0.0,0.0,0.0,0.0,0.0,0.0,0.0,0.0,0.0,0.0,0.0,0.0,0.0,0.0,0.0,0.0,0.0
35,201904010BRK,"7:30 PM, April 1, 2019",2019,Milwaukee Bucks,Brooklyn Nets,0,Tony Snell,0:00,0.0,0.0,0.0,0.0,0.0,0.0,0.0,0.0,0.0,0.0,0.0,0.0,0.0,0.0,0.0,0.0,0.0,0.0,0.0,0.0,0.0,0.0,0.0,0.0,0.0,0.0,0.0,0.0,0.0,0.0,0.0,0.0,0.0
36,201904010BRK,"7:30 PM, April 1, 2019",2019,Milwaukee Bucks,Brooklyn Nets,0,Ersan Ilyasova,0:00,0.0,0.0,0.0,0.0,0.0,0.0,0.0,0.0,0.0,0.0,0.0,0.0,0.0,0.0,0.0,0.0,0.0,0.0,0.0,0.0,0.0,0.0,0.0,0.0,0.0,0.0,0.0,0.0,0.0,0.0,0.0,0.0,0.0
37,201904010BRK,"7:30 PM, April 1, 2019",2019,Brooklyn Nets,Milwaukee Bucks,1,D'Angelo Russell,35:22,9,27,.333,4,12,.333,6,6,1.000,2,8,10,3,1,0,6,4,28,0,.472,.407,.444,.222,5.4,24.1,14.3,15.2,1.2,0.0,16.8,36.7,93,117
38,201904010BRK,"7:30 PM, April 1, 2019",2019,Brooklyn Nets,Milwaukee Bucks,1,Joe Harris,35:09,6,9,.667,5,7,.714,0,0,,1,5,6,3,0,0,2,3,17,-14,.944,.944,.778,.000,2.7,15.2,8.6,13.3,0.0,0.0,18.2,11.4,156,120
39,201904010BRK,"7:30 PM, April 1, 2019",2019,Brooklyn Nets,Milwaukee Bucks,1,DeMarre Carroll,34:49,6,14,.429,2,6,.333,6,8,.750,1,4,5,2,1,1,1,4,20,+10,.571,.500,.429,.571,2.8,12.3,7.3,9.0,1.2,2.3,5.4,19.3,126,116
40,201904010BRK,"7:30 PM, April 1, 2019",2019,Brooklyn Nets,Milwaukee Bucks,1,Jarrett Allen,27:24,4,7,.571,0,1,.000,2,4,.500,2,7,9,2,0,2,3,2,10,-12,.571,.571,.143,.571,7.0,27.3,16.6,11.0,0.0,5.8,25.5,15.6,99,114
41,201904010BRK,"7:30 PM, April 1, 2019",2019,Brooklyn Nets,Milwaukee Bucks,1,Rodions Kurucs,16:40,1,5,.200,1,4,.250,1,2,.500,1,3,4,0,1,0,2,3,4,-15,.340,.300,.800,.400,5.8,19.2,12.1,0.0,2.6,0.0,25.4,17.2,62,114
42,201904010BRK,"7:30 PM, April 1, 2019",2019,Brooklyn Nets,Milwaukee Bucks,0,Caris LeVert,30:27,8,15,.533,4,8,.500,4,6,.667,4,0,4,6,0,0,3,1,24,+2,.680,.667,.533,.400,12.6,0.0,6.6,35.8,0.0,0.0,14.5,24.7,136,122
43,201904010BRK,"7:30 PM, April 1, 2019",2019,Brooklyn Nets,Milwaukee Bucks,0,Jared Dudley,21:35,1,6,.167,0,3,.000,0,0,,1,1,2,1,2,0,1,1,2,+3,.167,.167,.500,.000,4.4,4.9,4.7,6.0,4.0,0.0,14.3,11.8,51,113
44,201904010BRK,"7:30 PM, April 1, 2019",2019,Brooklyn Nets,Milwaukee Bucks,0,Ed Davis,19:33,1,3,.333,0,0,,2,2,1.000,3,11,14,1,0,2,2,4,4,-2,.515,.333,.000,.667,14.7,60.0,36.2,6.7,0.0,8.2,34.0,10.9,98,108
45,201904010BRK,"7:30 PM, April 1, 2019",2019,Brooklyn Nets,Milwaukee Bucks,0,Spencer Dinwiddie,19:01,3,8,.375,0,3,.000,6,6,1.000,1,0,1,1,1,0,3,4,12,-22,.564,.375,.375,.750,5.0,0.0,2.7,8.0,2.2,0.0,22.0,26.1,102,117
46,201904010BRK,"7:30 PM, April 1, 2019",2019,Brooklyn Nets,Milwaukee Bucks,0,Rondae Hollis-Jefferson,0:00,0.0,0.0,0.0,0.0,0.0,0.0,0.0,0.0,0.0,0.0,0.0,0.0,0.0,0.0,0.0,0.0,0.0,0.0,0.0,0.0,0.0,0.0,0.0,0.0,0.0,0.0,0.0,0.0,0.0,0.0,0.0,0.0,0.0
47,201904010BRK,"7:30 PM, April 1, 2019",2019,Brooklyn Nets,Milwaukee Bucks,0,Treveon Graham,0:00,0.0,0.0,0.0,0.0,0.0,0.0,0.0,0.0,0.0,0.0,0.0,0.0,0.0,0.0,0.0,0.0,0.0,0.0,0.0,0.0,0.0,0.0,0.0,0.0,0.0,0.0,0.0,0.0,0.0,0.0,0.0,0.0,0.0
48,201904010BRK,"7:30 PM, April 1, 2019",2019,Brooklyn Nets,Milwaukee Bucks,0,Theo Pinson,0:00,0.0,0.0,0.0,0.0,0.0,0.0,0.0,0.0,0.0,0.0,0.0,0.0,0.0,0.0,0.0,0.0,0.0,0.0,0.0,0.0,0.0,0.0,0.0,0.0,0.0,0.0,0.0,0.0,0.0,0.0,0.0,0.0,0.0
49,201904010BRK,"7:30 PM, April 1, 2019",2019,Brooklyn Nets,Milwaukee Bucks,0,Shabazz Napier,0:00,0.0,0.0,0.0,0.0,0.0,0.0,0.0,0.0,0.0,0.0,0.0,0.0,0.0,0.0,0.0,0.0,0.0,0.0,0.0,0.0,0.0,0.0,0.0,0.0,0.0,0.0,0.0,0.0,0.0,0.0,0.0,0.0,0.0
50,201904010DAL,"8:30 PM, April 1, 2019",2019,Philadelphia 76ers,Dallas Mavericks,1,Tobias Harris,33:41,10,19,.526,1,6,.167,4,5,.800,0,6,6,3,0,1,2,1,25,-8,.590,.553,.316,.263,0.0,16.1,7.8,19.7,0.0,2.2,8.6,27.8,111,119
51,201904010DAL,"8:30 PM, April 1, 2019",2019,Philadelphia 76ers,Dallas Mavericks,1,Ben Simmons,31:31,5,15,.333,0,1,.000,7,11,.636,2,5,7,5,0,3,3,3,17,-21,.428,.333,.067,.733,5.4,14.4,9.8,26.8,0.0,7.0,13.1,29.2,89,115
52,201904010DAL,"8:30 PM, April 1, 2019",2019,Philadelphia 76ers,Dallas Mavericks,1,Jonah Bolden,29:58,1,6,.167,0,4,.000,0,0,,1,6,7,1,0,1,1,1,2,-26,.167,.167,.667,.000,2.9,18.1,10.3,4.7,0.0,2.5,14.3,9.4,45,118
53,201904010DAL,"8:30 PM, April 1, 2019",2019,Philadelphia 76ers,Dallas Mavericks,1,J.J. Redick,28:31,8,17,.471,4,11,.364,6,6,1.000,0,5,5,1,1,0,4,3,26,-20,.662,.588,.647,.353,0.0,15.9,7.7,7.5,1.6,0.0,16.9,33.4,108,117
54,201904010DAL,"8:30 PM, April 1, 2019",2019,Philadelphia 76ers,Dallas Mavericks,1,James Ennis,21:47,1,6,.167,0,2,.000,2,4,.500,4,4,8,3,0,1,1,1,4,-6,.258,.167,.333,.667,15.7,16.6,16.2,19.6,0.0,3.4,11.4,16.2,82,118
55,201904010DAL,"8:30 PM, April 1, 2019",2019,Philadelphia 76ers,Dallas Mavericks,0,Mike Scott,22:51,1,5,.200,0,4,.000,2,2,1.000,1,6,7,1,0,0,0,3,4,-17,.340,.200,.800,.400,3.8,23.8,13.5,6.2,0.0,0.0,0.0,10.4,90,118
56,201904010DAL,"8:30 PM, April 1, 2019",2019,Philadelphia 76ers,Dallas Mavericks,0,Shake Milton,17:00,0,4,.000,0,2,.000,0,0,,0,1,1,0,0,0,0,2,0,-10,.000,.000,.500,.000,0.0,5.3,2.6,0.0,0.0,0.0,0.0,9.5,0,123
57,201904010DAL,"8:30 PM, April 1, 2019",2019,Philadelphia 76ers,Dallas Mavericks,0,T.J. McConnell,16:57,7,10,.700,1,1,1.000,0,0,,0,3,3,1,1,2,0,1,15,-1,.750,.750,.100,.000,0.0,16.0,7.8,17.5,2.7,8.7,0.0,23.8,142,107
58,201904010DAL,"8:30 PM, April 1, 2019",2019,Philadelphia 76ers,Dallas Mavericks,0,Boban Marjanovic,13:16,1,4,.250,0,0,,3,4,.750,4,3,7,1,0,0,1,3,5,+3,.434,.250,.000,1.000,25.8,20.5,23.2,11.2,0.0,0.0,14.8,20.5,106,119
59,201904010DAL,"8:30 PM, April 1, 2019",2019,Philadelphia 76ers,Dallas Mavericks,0,Zhaire Smith,9:45,0,1,.000,0,0,,0,0,,0,0,0,1,0,1,0,1,0,-1,.000,.000,.000,.000,0.0,0.0,0.0,13.7,0.0,7.6,0.0,4.1,44,117
60,201904010DAL,"8:30 PM, April 1, 2019",2019,Philadelphia 76ers,Dallas Mavericks,0,Haywood Highsmith,5:57,1,3,.333,0,1,.000,0,0,,0,2,2,0,0,0,0,1,2,0,.333,.333,.333,.000,0.0,30.4,14.8,0.0,0.0,0.0,0.0,20.3,69,117
61,201904010DAL,"8:30 PM, April 1, 2019",2019,Philadelphia 76ers,Dallas Mavericks,0,Amir Johnson,4:46,1,2,.500,0,1,.000,0,0,,0,2,2,0,0,0,0,2,2,+3,.500,.500,.500,.000,0.0,38.0,18.5,0.0,0.0,0.0,0.0,16.9,99,114
62,201904010DAL,"8:30 PM, April 1, 2019",2019,Philadelphia 76ers,Dallas Mavericks,0,Jonathon Simmons,4:00,0,1,.000,0,0,,0,0,,0,0,0,3,0,0,0,0,0,+4,.000,.000,.000,.000,0.0,0.0,0.0,100.0,0.0,0.0,0.0,10.1,94,125
63,201904010DAL,"8:30 PM, April 1, 2019",2019,Dallas Mavericks,Philadelphia 76ers,1,Justin Jackson,30:12,7,11,.636,3,6,.500,7,8,.875,0,6,6,3,0,0,0,4,24,+17,.826,.773,.545,.727,0.0,17.0,8.7,13.7,0.0,0.0,0.0,20.1,169,100
64,201904010DAL,"8:30 PM, April 1, 2019",2019,Dallas Mavericks,Philadelphia 76ers,1,Dwight Powell,22:24,5,6,.833,2,3,.667,2,3,.667,1,3,4,3,1,1,1,3,14,+7,.956,1.000,.500,.500,4.0,11.5,7.9,18.2,2.1,3.6,12.0,15.5,165,95
65,201904010DAL,"8:30 PM, April 1, 2019",2019,Dallas Mavericks,Philadelphia 76ers,1,Jalen Brunson,18:55,6,11,.545,1,2,.500,0,0,,0,0,0,7,0,0,0,0,13,+9,.591,.591,.182,.000,0.0,0.0,0.0,57.7,0.0,0.0,0.0,24.3,137,106
66,201904010DAL,"8:30 PM, April 1, 2019",2019,Dallas Mavericks,Philadelphia 76ers,1,Courtney Lee,18:01,1,5,.200,0,2,.000,0,0,,0,4,4,1,0,0,1,3,2,-4,.200,.200,.400,.000,0.0,19.0,9.8,6.1,0.0,0.0,16.7,13.9,44,99
67,201904010DAL,"8:30 PM, April 1, 2019",2019,Dallas Mavericks,Philadelphia 76ers,1,Dirk Nowitzki,17:23,3,10,.300,1,3,.333,0,0,,0,5,5,0,0,0,0,1,7,+13,.350,.350,.300,.000,0.0,24.7,12.7,0.0,0.0,0.0,0.0,24.0,71,98
68,201904010DAL,"8:30 PM, April 1, 2019",2019,Dallas Mavericks,Philadelphia 76ers,0,Trey Burke,29:05,6,14,.429,0,2,.000,4,6,.667,2,4,6,5,0,0,0,0,16,+11,.481,.429,.143,.429,6.2,11.8,9.1,22.9,0.0,0.0,0.0,23.9,116,102
69,201904010DAL,"8:30 PM, April 1, 2019",2019,Dallas Mavericks,Philadelphia 76ers,0,Maxi Kleber,24:40,5,8,.625,2,4,.500,0,0,,1,4,5,2,2,0,0,3,12,+7,.750,.750,.500,.000,3.7,13.9,8.9,10.7,3.7,0.0,0.0,13.6,152,93
70,201904010DAL,"8:30 PM, April 1, 2019",2019,Dallas Mavericks,Philadelphia 76ers,0,Salah Mejri,23:57,5,9,.556,2,4,.500,4,7,.571,5,9,14,3,0,2,2,3,16,+13,.662,.667,.444,.778,18.9,32.2,25.7,16.7,0.0,6.7,14.2,24.6,130,90
71,201904010DAL,"8:30 PM, April 1, 2019",2019,Dallas Mavericks,Philadelphia 76ers,0,Daryl Macon,23:11,1,8,.125,0,1,.000,0,0,,1,2,3,4,0,0,2,4,2,+5,.125,.125,.125,.000,3.9,7.4,5.7,18.9,0.0,0.0,20.0,18.0,51,103
72,201904010DAL,"8:30 PM, April 1, 2019",2019,Dallas Mavericks,Philadelphia 76ers,0,Ryan Broekhoff,16:22,3,7,.429,0,1,.000,1,2,.500,0,5,5,0,0,0,0,0,7,-1,.444,.429,.143,.286,0.0,26.2,13.5,0.0,0.0,0.0,0.0,20.1,89,97
73,201904010DAL,"8:30 PM, April 1, 2019",2019,Dallas Mavericks,Philadelphia 76ers,0,Dorian Finney-Smith,15:50,4,8,.500,1,4,.250,0,1,.000,0,2,2,1,2,0,0,1,9,+23,.533,.563,.500,.125,0.0,10.8,5.6,8.9,5.8,0.0,0.0,22.3,106,90
74,201904010DAL,"8:30 PM, April 1, 2019",2019,Dallas Mavericks,Philadelphia 76ers,0,Devin Harris,0:00,0.0,0.0,0.0,0.0,0.0,0.0,0.0,0.0,0.0,0.0,0.0,0.0,0.0,0.0,0.0,0.0,0.0,0.0,0.0,0.0,0.0,0.0,0.0,0.0,0.0,0.0,0.0,0.0,0.0,0.0,0.0,0.0,0.0
75,201904010IND,"7:00 PM, April 1, 2019",2019,Detroit Pistons,Indiana Pacers,1,Thon Maker,41:30,4,10,.400,4,7,.571,2,2,1.000,1,5,6,2,0,4,1,2,14,+1,.643,.600,.700,.200,2.3,18.1,8.4,6.9,0.0,8.4,8.4,12.3,132,116
76,201904010IND,"7:00 PM, April 1, 2019",2019,Detroit Pistons,Indiana Pacers,1,Wayne Ellington,37:59,10,19,.526,4,13,.308,2,4,.500,1,3,4,2,0,1,0,3,26,0,.626,.632,.684,.211,2.5,11.8,6.1,10.0,0.0,2.3,0.0,23.6,136,121
77,201904010IND,"7:00 PM, April 1, 2019",2019,Detroit Pistons,Indiana Pacers,1,Andre Drummond,37:14,8,18,.444,0,1,.000,2,5,.400,7,10,17,5,4,0,3,4,18,-10,.446,.444,.056,.278,17.7,40.3,26.4,23.3,5.5,0.0,12.9,26.9,103,107
78,201904010IND,"7:00 PM, April 1, 2019",2019,Detroit Pistons,Indiana Pacers,1,Reggie Jackson,30:02,8,19,.421,1,5,.200,5,5,1.000,4,2,6,4,0,0,6,3,22,-2,.519,.447,.263,.263,12.5,10.0,11.6,25.4,0.0,0.0,22.1,39.0,97,123
79,201904010IND,"7:00 PM, April 1, 2019",2019,Detroit Pistons,Indiana Pacers,1,Bruce Brown,19:28,0,1,.000,0,1,.000,0,0,,0,2,2,2,2,0,1,1,0,+12,.000,.000,1.000,.000,0.0,15.4,5.9,13.0,5.2,0.0,50.0,4.4,50,111
80,201904010IND,"7:00 PM, April 1, 2019",2019,Detroit Pistons,Indiana Pacers,0,Langston Galloway,23:22,3,10,.300,2,3,.667,1,1,1.000,2,0,2,1,1,0,0,2,9,-11,.431,.400,.300,.100,8.1,0.0,4.9,6.5,2.2,0.0,0.0,19.3,110,120
81,201904010IND,"7:00 PM, April 1, 2019",2019,Detroit Pistons,Indiana Pacers,0,Ish Smith,19:58,3,5,.600,0,0,,0,0,,0,2,2,3,0,0,3,3,6,-10,.600,.600,.000,.000,0.0,15.0,5.8,23.4,0.0,0.0,37.5,17.3,85,123
82,201904010IND,"7:00 PM, April 1, 2019",2019,Detroit Pistons,Indiana Pacers,0,Glenn Robinson,13:11,2,4,.500,1,2,.500,2,2,1.000,1,0,1,1,0,0,0,2,7,-16,.717,.625,.500,.500,7.1,0.0,4.4,11.9,0.0,0.0,0.0,16.0,165,125
83,201904010IND,"7:00 PM, April 1, 2019",2019,Detroit Pistons,Indiana Pacers,0,Zaza Pachulia,10:46,0,0,,0,0,,0,0,,0,1,1,1,0,0,1,4,0,+1,,,,,0.0,13.9,5.4,11.7,0.0,0.0,100.0,4.0,43,122
84,201904010IND,"7:00 PM, April 1, 2019",2019,Detroit Pistons,Indiana Pacers,0,Jon Leuer,6:30,0,2,.000,0,1,.000,0,0,,0,0,0,0,0,0,0,0,0,-10,.000,.000,.500,.000,0.0,0.0,0.0,0.0,0.0,0.0,0.0,13.3,0,125
85,201904010IND,"7:00 PM, April 1, 2019",2019,Detroit Pistons,Indiana Pacers,0,Sviatoslav Mykhailiuk,0:00,0.0,0.0,0.0,0.0,0.0,0.0,0.0,0.0,0.0,0.0,0.0,0.0,0.0,0.0,0.0,0.0,0.0,0.0,0.0,0.0,0.0,0.0,0.0,0.0,0.0,0.0,0.0,0.0,0.0,0.0,0.0,0.0,0.0
86,201904010IND,"7:00 PM, April 1, 2019",2019,Detroit Pistons,Indiana Pacers,0,Khyri Thomas,0:00,0.0,0.0,0.0,0.0,0.0,0.0,0.0,0.0,0.0,0.0,0.0,0.0,0.0,0.0,0.0,0.0,0.0,0.0,0.0,0.0,0.0,0.0,0.0,0.0,0.0,0.0,0.0,0.0,0.0,0.0,0.0,0.0,0.0
87,201904010IND,"7:00 PM, April 1, 2019",2019,Detroit Pistons,Indiana Pacers,0,Jose Calderon,0:00,0.0,0.0,0.0,0.0,0.0,0.0,0.0,0.0,0.0,0.0,0.0,0.0,0.0,0.0,0.0,0.0,0.0,0.0,0.0,0.0,0.0,0.0,0.0,0.0,0.0,0.0,0.0,0.0,0.0,0.0,0.0,0.0,0.0
88,201904010IND,"7:00 PM, April 1, 2019",2019,Indiana Pacers,Detroit Pistons,1,Bojan Bogdanovic,37:05,7,16,.438,1,3,.333,4,4,1.000,1,6,7,6,3,0,1,3,19,+5,.535,.469,.188,.250,4.0,15.2,10.9,23.6,4.1,0.0,5.3,23.4,121,104
89,201904010IND,"7:00 PM, April 1, 2019",2019,Indiana Pacers,Detroit Pistons,1,Thaddeus Young,34:17,8,12,.667,0,0,,3,4,.750,1,8,9,5,0,0,5,1,19,+1,.690,.667,.000,.333,4.4,22.0,15.2,22.7,0.0,0.0,26.7,25.3,109,110
90,201904010IND,"7:00 PM, April 1, 2019",2019,Indiana Pacers,Detroit Pistons,1,Myles Turner,34:05,5,7,.714,2,3,.667,5,6,.833,0,6,6,0,3,5,0,2,17,-4,.882,.857,.429,.857,0.0,16.6,10.2,0.0,4.5,12.8,0.0,13.1,177,96
91,201904010IND,"7:00 PM, April 1, 2019",2019,Indiana Pacers,Detroit Pistons,1,Cory Joseph,31:06,2,9,.222,0,3,.000,0,0,,0,1,1,3,2,0,1,2,4,-1,.222,.222,.333,.000,0.0,3.0,1.9,11.9,3.3,0.0,10.0,14.9,62,112
92,201904010IND,"7:00 PM, April 1, 2019",2019,Indiana Pacers,Detroit Pistons,1,Tyreke Evans,26:54,4,10,.400,4,6,.667,1,2,.500,0,3,3,3,1,1,3,1,13,-8,.597,.600,.600,.200,0.0,10.5,6.4,15.4,1.9,3.2,21.6,23.9,98,110
93,201904010IND,"7:00 PM, April 1, 2019",2019,Indiana Pacers,Detroit Pistons,0,Aaron Holiday,25:28,3,4,.750,2,3,.667,2,4,.500,0,1,1,5,0,1,2,3,10,+16,.868,1.000,.750,1.000,0.0,3.7,2.3,25.9,0.0,3.4,25.8,14.1,135,117
94,201904010IND,"7:00 PM, April 1, 2019",2019,Indiana Pacers,Detroit Pistons,0,Doug McDermott,23:40,5,8,.625,1,3,.333,0,0,,1,1,2,2,0,0,1,2,11,+17,.688,.688,.375,.000,6.3,4.0,4.9,12.7,0.0,0.0,11.1,17.6,128,118
95,201904010IND,"7:00 PM, April 1, 2019",2019,Indiana Pacers,Detroit Pistons,0,Domantas Sabonis,23:19,8,10,.800,0,0,,2,2,1.000,4,8,12,3,0,0,3,6,18,+14,.827,.800,.000,.200,25.7,32.3,29.8,24.2,0.0,0.0,21.6,27.6,137,105
96,201904010IND,"7:00 PM, April 1, 2019",2019,Indiana Pacers,Detroit Pistons,0,T.J. Leaf,4:06,0,1,.000,0,1,.000,0,0,,0,1,1,0,0,1,1,0,0,+5,.000,.000,1.000,.000,0.0,23.0,14.1,0.0,0.0,21.3,50.0,22.6,0,98
97,201904010IND,"7:00 PM, April 1, 2019",2019,Indiana Pacers,Detroit Pistons,0,Davon Reed,0:00,0.0,0.0,0.0,0.0,0.0,0.0,0.0,0.0,0.0,0.0,0.0,0.0,0.0,0.0,0.0,0.0,0.0,0.0,0.0,0.0,0.0,0.0,0.0,0.0,0.0,0.0,0.0,0.0,0.0,0.0,0.0,0.0,0.0
98,201904010IND,"7:00 PM, April 1, 2019",2019,Indiana Pacers,Detroit Pistons,0,Kyle O'Quinn,0:00,0.0,0.0,0.0,0.0,0.0,0.0,0.0,0.0,0.0,0.0,0.0,0.0,0.0,0.0,0.0,0.0,0.0,0.0,0.0,0.0,0.0,0.0,0.0,0.0,0.0,0.0,0.0,0.0,0.0,0.0,0.0,0.0,0.0
99,201904010IND,"7:00 PM, April 1, 2019",2019,Indiana Pacers,Detroit Pistons,0,Edmond Sumner,0:00,0.0,0.0,0.0,0.0,0.0,0.0,0.0,0.0,0.0,0.0,0.0,0.0,0.0,0.0,0.0,0.0,0.0,0.0,0.0,0.0,0.0,0.0,0.0,0.0,0.0,0.0,0.0,0.0,0.0,0.0,0.0,0.0,0.0
100,201904010MIN,"8:00 PM, April 1, 2019",2019,Portland Trail Blazers,Minnesota Timberwolves,1,Damian Lillard,34:01,6,17,.353,3,6,.500,0,1,.000,0,5,5,12,0,0,5,2,15,+3,.430,.441,.353,.059,0.0,15.7,8.1,40.8,0.0,0.0,22.3,27.4,100,127
101,201904010MIN,"8:00 PM, April 1, 2019",2019,Portland Trail Blazers,Minnesota Timberwolves,1,Al-Farouq Aminu,29:47,4,9,.444,1,2,.500,0,0,,2,4,6,1,1,1,1,2,9,+6,.500,.500,.222,.000,7.7,14.3,11.1,3.7,1.6,2.4,10.0,13.9,111,122
102,201904010MIN,"8:00 PM, April 1, 2019",2019,Portland Trail Blazers,Minnesota Timberwolves,1,Rodney Hood,28:43,8,14,.571,3,4,.750,2,2,1.000,1,3,4,1,2,0,0,3,21,-1,.706,.679,.286,.143,4.0,11.1,7.7,4.6,3.3,0.0,0.0,21.5,154,121
103,201904010MIN,"8:00 PM, April 1, 2019",2019,Portland Trail Blazers,Minnesota Timberwolves,1,Enes Kanter,25:41,7,10,.700,0,1,.000,6,8,.750,6,5,11,1,0,4,2,3,20,+2,.740,.700,.100,.800,26.7,20.8,23.6,5.1,0.0,11.2,12.9,25.1,146,116
104,201904010MIN,"8:00 PM, April 1, 2019",2019,Portland Trail Blazers,Minnesota Timberwolves,1,Maurice Harkless,20:56,3,7,.429,0,1,.000,1,3,.333,3,1,4,2,2,2,1,2,7,-5,.421,.429,.143,.429,16.4,5.1,10.5,10.6,4.6,6.8,10.7,18.5,108,113
105,201904010MIN,"8:00 PM, April 1, 2019",2019,Portland Trail Blazers,Minnesota Timberwolves,0,Zach Collins,26:38,3,5,.600,0,2,.000,2,2,1.000,0,2,2,1,0,2,2,2,8,+12,.680,.600,.400,.400,0.0,8.0,4.1,4.0,0.0,5.4,25.4,12.3,107,124
106,201904010MIN,"8:00 PM, April 1, 2019",2019,Portland Trail Blazers,Minnesota Timberwolves,0,Evan Turner,24:56,5,5,1.000,1,1,1.000,2,2,1.000,2,9,11,10,1,0,1,1,13,+15,1.105,1.100,.200,.400,9.2,38.5,24.3,47.7,1.9,0.0,14.5,11.5,201,118
107,201904010MIN,"8:00 PM, April 1, 2019",2019,Portland Trail Blazers,Minnesota Timberwolves,0,Seth Curry,21:51,7,14,.500,5,9,.556,0,0,,1,1,2,1,0,0,1,1,19,+14,.679,.679,.643,.000,5.2,4.9,5.1,6.3,0.0,0.0,6.7,28.5,133,130
108,201904010MIN,"8:00 PM, April 1, 2019",2019,Portland Trail Blazers,Minnesota Timberwolves,0,Jake Layman,13:59,3,6,.500,1,3,.333,4,6,.667,0,1,1,0,0,0,0,0,11,+7,.637,.583,.500,1.000,0.0,7.6,3.9,0.0,0.0,0.0,0.0,25.7,139,129
109,201904010MIN,"8:00 PM, April 1, 2019",2019,Portland Trail Blazers,Minnesota Timberwolves,0,Meyers Leonard,13:28,4,4,1.000,1,1,1.000,0,0,,0,4,4,2,0,0,1,1,9,-3,1.125,1.125,.250,.000,0.0,31.7,16.4,19.9,0.0,0.0,20.0,15.4,167,123
110,201904010MIN,"8:00 PM, April 1, 2019",2019,Portland Trail Blazers,Minnesota Timberwolves,0,Anfernee Simons,0:00,0.0,0.0,0.0,0.0,0.0,0.0,0.0,0.0,0.0,0.0,0.0,0.0,0.0,0.0,0.0,0.0,0.0,0.0,0.0,0.0,0.0,0.0,0.0,0.0,0.0,0.0,0.0,0.0,0.0,0.0,0.0,0.0,0.0
111,201904010MIN,"8:00 PM, April 1, 2019",2019,Portland Trail Blazers,Minnesota Timberwolves,0,Gary Trent,0:00,0.0,0.0,0.0,0.0,0.0,0.0,0.0,0.0,0.0,0.0,0.0,0.0,0.0,0.0,0.0,0.0,0.0,0.0,0.0,0.0,0.0,0.0,0.0,0.0,0.0,0.0,0.0,0.0,0.0,0.0,0.0,0.0,0.0
112,201904010MIN,"8:00 PM, April 1, 2019",2019,Portland Trail Blazers,Minnesota Timberwolves,0,Skal Labissiere,0:00,0.0,0.0,0.0,0.0,0.0,0.0,0.0,0.0,0.0,0.0,0.0,0.0,0.0,0.0,0.0,0.0,0.0,0.0,0.0,0.0,0.0,0.0,0.0,0.0,0.0,0.0,0.0,0.0,0.0,0.0,0.0,0.0,0.0
113,201904010MIN,"8:00 PM, April 1, 2019",2019,Minnesota Timberwolves,Portland Trail Blazers,1,Andrew Wiggins,33:54,7,18,.389,1,4,.250,6,6,1.000,2,5,7,4,1,0,2,3,21,-6,.509,.417,.222,.333,6.3,16.9,11.4,15.3,1.4,0.0,8.8,28.3,109,132
114,201904010MIN,"8:00 PM, April 1, 2019",2019,Minnesota Timberwolves,Portland Trail Blazers,1,Tyus Jones,33:16,7,12,.583,0,1,.000,0,0,,1,2,3,10,3,0,2,1,14,+3,.583,.583,.083,.000,3.2,6.9,5.0,39.1,4.3,0.0,14.3,17.8,125,129
115,201904010MIN,"8:00 PM, April 1, 2019",2019,Minnesota Timberwolves,Portland Trail Blazers,1,Karl-Anthony Towns,31:43,6,21,.286,1,4,.250,4,4,1.000,3,9,12,4,0,2,1,4,17,-6,.373,.310,.190,.190,10.1,32.4,20.9,16.0,0.0,5.0,4.2,31.7,93,127
116,201904010MIN,"8:00 PM, April 1, 2019",2019,Minnesota Timberwolves,Portland Trail Blazers,1,Josh Okogie,28:30,4,7,.571,1,2,.500,0,0,,1,2,3,0,1,0,0,0,9,-8,.643,.643,.286,.000,3.7,8.0,5.8,0.0,1.7,0.0,0.0,10.4,132,134
117,201904010MIN,"8:00 PM, April 1, 2019",2019,Minnesota Timberwolves,Portland Trail Blazers,1,Dario Saric,28:10,5,8,.625,2,4,.500,1,1,1.000,1,1,2,2,0,0,0,2,13,0,.770,.750,.500,.125,3.8,4.1,3.9,8.9,0.0,0.0,0.0,12.7,160,139
118,201904010MIN,"8:00 PM, April 1, 2019",2019,Minnesota Timberwolves,Portland Trail Blazers,0,Cameron Reynolds,20:47,3,5,.600,1,3,.333,0,0,,0,2,2,1,1,0,0,4,7,0,.700,.700,.600,.000,0.0,11.0,5.3,5.8,2.3,0.0,0.0,10.2,142,131
119,201904010MIN,"8:00 PM, April 1, 2019",2019,Minnesota Timberwolves,Portland Trail Blazers,0,Anthony Tolliver,19:36,2,7,.286,2,6,.333,0,0,,0,1,1,0,0,0,1,2,6,-10,.429,.429,.857,.000,0.0,5.8,2.8,0.0,0.0,0.0,12.5,17.3,74,138
120,201904010MIN,"8:00 PM, April 1, 2019",2019,Minnesota Timberwolves,Portland Trail Blazers,0,Gorgui Dieng,16:17,7,8,.875,1,1,1.000,3,4,.750,2,2,4,2,1,1,1,0,18,-4,.922,.938,.125,.500,13.1,14.0,13.6,22.4,2.9,4.8,9.3,28.0,167,127
121,201904010MIN,"8:00 PM, April 1, 2019",2019,Minnesota Timberwolves,Portland Trail Blazers,0,Jerryd Bayless,14:44,4,6,.667,0,1,.000,2,2,1.000,0,2,2,6,1,0,2,2,10,-13,.727,.667,.167,.333,0.0,15.5,7.5,57.5,3.3,0.0,22.5,25.5,131,128
122,201904010MIN,"8:00 PM, April 1, 2019",2019,Minnesota Timberwolves,Portland Trail Blazers,0,Keita Bates-Diop,13:03,2,4,.500,2,3,.667,1,2,.500,0,1,1,0,0,0,0,1,7,-6,.717,.750,.750,.500,0.0,8.8,4.2,0.0,0.0,0.0,0.0,15.8,137,138
123,201904010MIN,"8:00 PM, April 1, 2019",2019,Minnesota Timberwolves,Portland Trail Blazers,0,Taj Gibson,0:00,0.0,0.0,0.0,0.0,0.0,0.0,0.0,0.0,0.0,0.0,0.0,0.0,0.0,0.0,0.0,0.0,0.0,0.0,0.0,0.0,0.0,0.0,0.0,0.0,0.0,0.0,0.0,0.0,0.0,0.0,0.0,0.0,0.0
124,201904010MIN,"8:00 PM, April 1, 2019",2019,Minnesota Timberwolves,Portland Trail Blazers,0,Mitch Creek,0:00,0.0,0.0,0.0,0.0,0.0,0.0,0.0,0.0,0.0,0.0,0.0,0.0,0.0,0.0,0.0,0.0,0.0,0.0,0.0,0.0,0.0,0.0,0.0,0.0,0.0,0.0,0.0,0.0,0.0,0.0,0.0,0.0,0.0
125,201904010MIN,"8:00 PM, April 1, 2019",2019,Minnesota Timberwolves,Portland Trail Blazers,0,Jared Terrell,0:00,0.0,0.0,0.0,0.0,0.0,0.0,0.0,0.0,0.0,0.0,0.0,0.0,0.0,0.0,0.0,0.0,0.0,0.0,0.0,0.0,0.0,0.0,0.0,0.0,0.0,0.0,0.0,0.0,0.0,0.0,0.0,0.0,0.0
126,201904010NYK,"7:30 PM, April 1, 2019",2019,Chicago Bulls,New York Knicks,1,Wayne Selden,34:22,5,12,.417,1,4,.250,0,0,,2,3,5,0,1,0,0,0,11,+7,.458,.458,.333,.000,5.6,11.0,7.9,0.0,1.5,0.0,0.0,15.2,104,122
127,201904010NYK,"7:30 PM, April 1, 2019",2019,Chicago Bulls,New York Knicks,1,Walt Lemon,30:40,3,12,.250,0,0,,0,1,.000,1,1,2,5,3,0,0,2,6,+2,.241,.250,.000,.083,3.1,4.1,3.6,21.0,5.0,0.0,0.0,17.7,75,115
128,201904010NYK,"7:30 PM, April 1, 2019",2019,Chicago Bulls,New York Knicks,1,Robin Lopez,30:05,12,18,.667,0,0,,5,8,.625,6,1,7,2,0,1,1,2,29,-4,.674,.667,.000,.444,19.1,4.2,12.7,14.0,0.0,4.4,4.4,32.6,139,124
129,201904010NYK,"7:30 PM, April 1, 2019",2019,Chicago Bulls,New York Knicks,1,Shaquille Harrison,29:37,3,11,.273,0,0,,0,0,,1,9,10,5,1,0,1,0,6,-4,.273,.273,.000,.000,3.2,38.4,18.4,21.8,1.7,0.0,8.3,17.7,75,117
130,201904010NYK,"7:30 PM, April 1, 2019",2019,Chicago Bulls,New York Knicks,1,Timothe Luwawu-Cabarrot,26:25,3,10,.300,1,7,.143,3,3,1.000,0,3,3,2,2,0,2,5,10,+3,.442,.350,.700,.300,0.0,14.3,6.2,9.9,3.8,0.0,15.0,22.0,85,116
131,201904010NYK,"7:30 PM, April 1, 2019",2019,Chicago Bulls,New York Knicks,0,JaKarr Sampson,29:40,8,10,.800,1,2,.500,5,6,.833,0,7,7,0,1,1,1,2,22,-8,.870,.850,.200,.600,0.0,29.8,12.9,0.0,1.7,4.5,7.3,20.0,160,116
132,201904010NYK,"7:30 PM, April 1, 2019",2019,Chicago Bulls,New York Knicks,0,Ryan Arcidiacono,17:20,5,8,.625,1,1,1.000,3,3,1.000,0,1,1,2,0,0,0,5,14,-10,.751,.688,.125,.375,0.0,7.3,3.1,19.7,0.0,0.0,0.0,23.4,159,126
133,201904010NYK,"7:30 PM, April 1, 2019",2019,Chicago Bulls,New York Knicks,0,Antonio Blakeney,16:53,3,8,.375,0,1,.000,0,0,,0,2,2,1,0,0,0,0,6,-7,.375,.375,.125,.000,0.0,15.0,6.5,8.5,0.0,0.0,0.0,20.7,85,125
134,201904010NYK,"7:30 PM, April 1, 2019",2019,Chicago Bulls,New York Knicks,0,Cristiano Felicio,15:22,0,2,.000,0,0,,1,2,.500,2,5,7,2,0,0,1,1,1,-7,.174,.000,.000,1.000,12.5,41.1,24.8,14.9,0.0,0.0,25.8,11.0,75,121
135,201904010NYK,"7:30 PM, April 1, 2019",2019,Chicago Bulls,New York Knicks,0,Brandon Sampson,8:06,0,2,.000,0,1,.000,0,0,,0,0,0,1,1,0,0,1,0,-15,.000,.000,.500,.000,0.0,0.0,0.0,14.1,6.3,0.0,0.0,10.8,27,112
136,201904010NYK,"7:30 PM, April 1, 2019",2019,Chicago Bulls,New York Knicks,0,Rawle Alkins,1:30,0,1,.000,0,1,.000,0,0,,0,0,0,0,0,0,0,0,0,+3,.000,.000,1.000,.000,0.0,0.0,0.0,0.0,0.0,0.0,0.0,29.1,0,127
137,201904010NYK,"7:30 PM, April 1, 2019",2019,New York Knicks,Chicago Bulls,1,Damyean Dotson,41:03,6,8,.750,6,7,.857,0,0,,0,6,6,6,1,1,4,5,18,+11,1.125,1.125,.875,.000,0.0,14.0,8.0,23.4,1.2,1.5,33.3,13.9,139,110
138,201904010NYK,"7:30 PM, April 1, 2019",2019,New York Knicks,Chicago Bulls,1,Kevin Knox,40:25,6,15,.400,2,6,.333,5,6,.833,2,7,9,3,0,1,5,3,19,-1,.539,.467,.400,.400,6.3,16.6,12.1,11.9,0.0,1.5,22.1,26.6,95,112
139,201904010NYK,"7:30 PM, April 1, 2019",2019,New York Knicks,Chicago Bulls,1,Emmanuel Mudiay,36:09,7,21,.333,2,7,.286,1,2,.500,0,5,5,4,0,0,3,4,17,-10,.388,.381,.333,.095,0.0,13.3,7.5,19.2,0.0,0.0,12.1,32.7,79,114
140,201904010NYK,"7:30 PM, April 1, 2019",2019,New York Knicks,Chicago Bulls,1,Mitchell Robinson,33:02,4,4,1.000,0,0,,6,8,.750,3,7,10,4,0,3,1,3,14,+2,.931,1.000,.000,2.000,11.5,20.3,16.5,18.6,0.0,5.7,11.7,12.3,186,107
141,201904010NYK,"7:30 PM, April 1, 2019",2019,New York Knicks,Chicago Bulls,1,Luke Kornet,28:28,8,11,.727,5,7,.714,3,3,1.000,1,5,6,1,0,3,0,2,24,+2,.974,.955,.636,.273,4.4,16.9,11.5,7.2,0.0,6.6,0.0,20.6,186,107
142,201904010NYK,"7:30 PM, April 1, 2019",2019,New York Knicks,Chicago Bulls,0,Lance Thomas,31:31,3,6,.500,0,2,.000,0,0,,0,4,4,1,0,1,2,0,6,+16,.500,.500,.333,.000,0.0,12.2,6.9,4.7,0.0,2.0,25.0,12.1,76,113
143,201904010NYK,"7:30 PM, April 1, 2019",2019,New York Knicks,Chicago Bulls,0,John Jenkins,19:56,2,7,.286,2,7,.286,2,2,1.000,0,1,1,0,0,0,0,1,8,0,.508,.429,1.000,.286,0.0,4.8,2.7,0.0,0.0,0.0,0.0,18.8,103,117
144,201904010NYK,"7:30 PM, April 1, 2019",2019,New York Knicks,Chicago Bulls,0,Kadeem Allen,9:26,1,2,.500,1,2,.500,4,4,1.000,0,3,3,5,1,0,1,0,7,+20,.931,.750,1.000,2.000,0.0,30.5,17.3,79.7,5.4,0.0,21.0,24.0,177,98
145,201904010NYK,"7:30 PM, April 1, 2019",2019,New York Knicks,Chicago Bulls,0,DeAndre Jordan,0:00,0.0,0.0,0.0,0.0,0.0,0.0,0.0,0.0,0.0,0.0,0.0,0.0,0.0,0.0,0.0,0.0,0.0,0.0,0.0,0.0,0.0,0.0,0.0,0.0,0.0,0.0,0.0,0.0,0.0,0.0,0.0,0.0,0.0
146,201904010NYK,"7:30 PM, April 1, 2019",2019,New York Knicks,Chicago Bulls,0,Mario Hezonja,0:00,0.0,0.0,0.0,0.0,0.0,0.0,0.0,0.0,0.0,0.0,0.0,0.0,0.0,0.0,0.0,0.0,0.0,0.0,0.0,0.0,0.0,0.0,0.0,0.0,0.0,0.0,0.0,0.0,0.0,0.0,0.0,0.0,0.0
147,201904010NYK,"7:30 PM, April 1, 2019",2019,New York Knicks,Chicago Bulls,0,Henry Ellenson,0:00,0.0,0.0,0.0,0.0,0.0,0.0,0.0,0.0,0.0,0.0,0.0,0.0,0.0,0.0,0.0,0.0,0.0,0.0,0.0,0.0,0.0,0.0,0.0,0.0,0.0,0.0,0.0,0.0,0.0,0.0,0.0,0.0,0.0
148,201904010PHO,"10:00 PM, April 1, 2019",2019,Cleveland Cavaliers,Phoenix Suns,1,Collin Sexton,38:31,9,23,.391,1,4,.250,2,2,1.000,3,1,4,3,0,0,2,3,21,+6,.440,.413,.174,.087,7.1,3.6,5.7,11.1,0.0,0.0,7.7,27.4,102,129
149,201904010PHO,"10:00 PM, April 1, 2019",2019,Cleveland Cavaliers,Phoenix Suns,1,Cedi Osman,32:37,1,12,.083,0,6,.000,1,1,1.000,0,0,0,3,1,0,0,6,3,+2,.121,.083,.500,.083,0.0,0.0,0.0,10.1,1.5,0.0,0.0,15.6,48,126
150,201904010PHO,"10:00 PM, April 1, 2019",2019,Cleveland Cavaliers,Phoenix Suns,1,Larry Nance,30:19,4,7,.571,0,1,.000,1,1,1.000,1,11,12,4,2,0,3,2,9,+3,.605,.571,.143,.143,3.0,49.8,21.6,16.4,3.2,0.0,28.7,14.0,103,117
151,201904010PHO,"10:00 PM, April 1, 2019",2019,Cleveland Cavaliers,Phoenix Suns,1,Brandon Knight,25:09,4,8,.500,2,4,.500,0,0,,0,2,2,0,1,0,2,5,10,-31,.625,.625,.500,.000,0.0,10.9,4.3,0.0,1.9,0.0,20.0,16.2,102,124
152,201904010PHO,"10:00 PM, April 1, 2019",2019,Cleveland Cavaliers,Phoenix Suns,1,Tristan Thompson,21:19,6,8,.750,0,0,,3,6,.500,4,1,5,0,0,0,0,0,15,-11,.705,.750,.000,.750,17.0,6.4,12.8,0.0,0.0,0.0,0.0,20.4,154,129
153,201904010PHO,"10:00 PM, April 1, 2019",2019,Cleveland Cavaliers,Phoenix Suns,0,Jordan Clarkson,32:34,8,16,.500,1,3,.333,3,3,1.000,2,4,6,3,1,0,0,0,20,+4,.577,.531,.188,.188,5.6,16.8,10.0,13.3,1.5,0.0,0.0,21.7,138,124
154,201904010PHO,"10:00 PM, April 1, 2019",2019,Cleveland Cavaliers,Phoenix Suns,0,Nik Stauskas,17:10,3,8,.375,3,3,1.000,0,0,,0,1,1,1,0,1,1,0,9,-9,.563,.563,.375,.000,0.0,8.0,3.2,7.6,0.0,5.9,11.1,21.4,113,124
155,201904010PHO,"10:00 PM, April 1, 2019",2019,Cleveland Cavaliers,Phoenix Suns,0,David Nwaba,15:40,1,4,.250,0,0,,0,0,,0,4,4,1,0,1,0,1,2,-11,.250,.250,.000,.000,0.0,35.0,13.9,7.3,0.0,6.5,0.0,10.4,74,121
156,201904010PHO,"10:00 PM, April 1, 2019",2019,Cleveland Cavaliers,Phoenix Suns,0,Ante Zizic,13:53,5,6,.833,0,0,,5,9,.556,5,2,7,2,0,1,0,3,15,+11,.753,.833,.000,1.500,32.6,19.8,27.5,25.0,0.0,7.4,0.0,29.3,168,121
157,201904010PHO,"10:00 PM, April 1, 2019",2019,Cleveland Cavaliers,Phoenix Suns,0,Marquese Chriss,9:30,3,5,.600,0,0,,0,0,,3,4,7,0,0,0,1,4,6,-2,.600,.600,.000,.000,28.6,57.7,40.2,0.0,0.0,0.0,16.7,25.8,118,123
158,201904010PHO,"10:00 PM, April 1, 2019",2019,Cleveland Cavaliers,Phoenix Suns,0,Channing Frye,3:18,1,2,.500,1,1,1.000,0,0,,0,0,0,0,0,0,0,0,3,-7,.750,.750,.500,.000,0.0,0.0,0.0,0.0,0.0,0.0,0.0,24.7,159,129
159,201904010PHO,"10:00 PM, April 1, 2019",2019,Cleveland Cavaliers,Phoenix Suns,0,Deng Adel,0:00,0.0,0.0,0.0,0.0,0.0,0.0,0.0,0.0,0.0,0.0,0.0,0.0,0.0,0.0,0.0,0.0,0.0,0.0,0.0,0.0,0.0,0.0,0.0,0.0,0.0,0.0,0.0,0.0,0.0,0.0,0.0,0.0,0.0
160,201904010PHO,"10:00 PM, April 1, 2019",2019,Phoenix Suns,Cleveland Cavaliers,1,Mikal Bridges,40:34,5,9,.556,3,6,.500,2,2,1.000,0,2,2,2,0,3,1,2,15,+20,.759,.722,.667,.222,0.0,4.5,2.7,5.9,0.0,4.6,9.2,12.2,136,119
161,201904010PHO,"10:00 PM, April 1, 2019",2019,Phoenix Suns,Cleveland Cavaliers,1,Devin Booker,35:05,8,18,.444,2,9,.222,7,7,1.000,0,3,3,13,0,0,6,3,25,-6,.593,.500,.500,.389,0.0,7.7,4.7,50.7,0.0,0.0,22.2,35.0,113,120
162,201904010PHO,"10:00 PM, April 1, 2019",2019,Phoenix Suns,Cleveland Cavaliers,1,Dragan Bender,27:27,6,11,.545,0,4,.000,0,0,,2,8,10,2,0,1,0,4,12,-2,.545,.545,.364,.000,10.0,26.4,19.9,9.8,0.0,2.3,0.0,18.2,123,110
163,201904010PHO,"10:00 PM, April 1, 2019",2019,Phoenix Suns,Cleveland Cavaliers,1,Richaun Holmes,24:10,6,7,.857,0,0,,1,3,.333,0,10,10,0,0,2,1,5,13,+15,.781,.857,.000,.429,0.0,37.5,22.6,0.0,0.0,5.2,10.7,17.5,126,103
164,201904010PHO,"10:00 PM, April 1, 2019",2019,Phoenix Suns,Cleveland Cavaliers,1,Elie Okobo,13:07,2,3,.667,2,3,.667,0,0,,0,1,1,0,0,0,3,1,6,-3,1.000,1.000,1.000,.000,0.0,6.9,4.2,0.0,0.0,0.0,50.0,20.8,73,120
165,201904010PHO,"10:00 PM, April 1, 2019",2019,Phoenix Suns,Cleveland Cavaliers,0,Josh Jackson,34:16,7,11,.636,2,3,.667,3,4,.750,1,9,10,4,1,5,0,4,19,+7,.745,.727,.273,.364,4.0,23.8,15.9,15.5,1.4,9.1,0.0,16.9,157,104
166,201904010PHO,"10:00 PM, April 1, 2019",2019,Phoenix Suns,Cleveland Cavaliers,0,Jamal Crawford,30:12,7,10,.700,3,6,.500,2,2,1.000,0,0,0,5,0,0,2,2,19,+12,.873,.850,.600,.200,0.0,0.0,0.0,22.8,0.0,0.0,15.5,19.3,148,124
167,201904010PHO,"10:00 PM, April 1, 2019",2019,Phoenix Suns,Cleveland Cavaliers,0,Troy Daniels,24:40,2,9,.222,1,6,.167,0,0,,0,2,2,1,0,0,0,1,5,-1,.278,.278,.667,.000,0.0,7.3,4.4,4.6,0.0,0.0,0.0,16.6,64,120
168,201904010PHO,"10:00 PM, April 1, 2019",2019,Phoenix Suns,Cleveland Cavaliers,0,Jimmer Fredette,5:52,2,3,.667,0,0,,2,2,1.000,0,0,0,1,0,0,0,0,6,+9,.773,.667,.000,.667,0.0,0.0,0.0,27.6,0.0,0.0,0.0,30.0,164,124
169,201904010PHO,"10:00 PM, April 1, 2019",2019,Phoenix Suns,Cleveland Cavaliers,0,Ray Spalding,4:37,1,3,.333,0,0,,0,0,,2,0,2,0,0,0,0,0,2,-6,.333,.333,.000,.000,59.4,0.0,23.6,0.0,0.0,0.0,0.0,29.5,108,124
170,201904010PHO,"10:00 PM, April 1, 2019",2019,Phoenix Suns,Cleveland Cavaliers,0,De'Anthony Melton,0:00,0.0,0.0,0.0,0.0,0.0,0.0,0.0,0.0,0.0,0.0,0.0,0.0,0.0,0.0,0.0,0.0,0.0,0.0,0.0,0.0,0.0,0.0,0.0,0.0,0.0,0.0,0.0,0.0,0.0,0.0,0.0,0.0,0.0
171,201904010TOR,"7:30 PM, April 1, 2019",2019,Orlando Magic,Toronto Raptors,1,Evan Fournier,30:18,8,16,.500,1,3,.333,4,4,1.000,1,3,4,4,0,0,1,3,21,-20,.591,.531,.188,.250,3.6,11.6,7.5,20.9,0.0,0.0,5.3,26.4,124,128
172,201904010TOR,"7:30 PM, April 1, 2019",2019,Orlando Magic,Toronto Raptors,1,Jonathan Isaac,29:32,3,6,.500,2,4,.500,0,0,,0,4,4,2,3,3,1,3,8,-11,.667,.667,.667,.000,0.0,15.9,7.6,8.5,4.9,10.4,14.3,10.1,115,108
173,201904010TOR,"7:30 PM, April 1, 2019",2019,Orlando Magic,Toronto Raptors,1,Aaron Gordon,27:48,3,7,.429,0,2,.000,0,0,,0,4,4,3,0,3,1,0,6,-20,.429,.429,.286,.000,0.0,16.8,8.1,13.7,0.0,11.0,12.5,12.3,91,119
174,201904010TOR,"7:30 PM, April 1, 2019",2019,Orlando Magic,Toronto Raptors,1,Nikola Vucevic,25:59,5,14,.357,2,3,.667,1,2,.500,3,10,13,3,0,0,2,2,13,-13,.437,.429,.214,.143,12.6,45.1,28.3,16.4,0.0,0.0,11.8,27.7,94,124
175,201904010TOR,"7:30 PM, April 1, 2019",2019,Orlando Magic,Toronto Raptors,1,D.J. Augustin,22:36,3,9,.333,2,4,.500,0,0,,0,2,2,6,0,0,4,3,8,-7,.444,.444,.444,.000,0.0,10.4,5.0,34.8,0.0,0.0,30.8,24.5,80,129
176,201904010TOR,"7:30 PM, April 1, 2019",2019,Orlando Magic,Toronto Raptors,0,Michael Carter-Williams,25:24,4,10,.400,0,3,.000,0,0,,1,4,5,6,1,0,0,4,8,-5,.400,.400,.300,.000,4.3,18.4,11.1,32.0,1.9,0.0,0.0,16.8,113,123
177,201904010TOR,"7:30 PM, April 1, 2019",2019,Orlando Magic,Toronto Raptors,0,Terrence Ross,24:21,2,10,.200,2,8,.250,0,0,,0,2,2,3,2,0,1,1,6,-6,.300,.300,.800,.000,0.0,9.6,4.6,15.1,4.0,0.0,9.1,19.3,72,119
178,201904010TOR,"7:30 PM, April 1, 2019",2019,Orlando Magic,Toronto Raptors,0,Wesley Iwundu,20:31,7,7,1.000,2,2,1.000,0,0,,3,0,3,2,0,0,2,2,16,+5,1.143,1.143,.286,.000,16.0,0.0,8.3,17.6,0.0,0.0,22.2,18.7,157,130
179,201904010TOR,"7:30 PM, April 1, 2019",2019,Orlando Magic,Toronto Raptors,0,Khem Birch,16:16,5,8,.625,0,0,,1,1,1.000,2,2,4,2,0,1,1,1,11,-7,.652,.625,.000,.125,13.4,14.4,13.9,20.9,0.0,6.3,10.6,24.7,126,123
180,201904010TOR,"7:30 PM, April 1, 2019",2019,Orlando Magic,Toronto Raptors,0,Amile Jefferson,5:45,1,1,1.000,0,0,,3,4,.750,1,2,3,1,1,1,0,1,5,+8,.906,1.000,.000,4.000,19.0,40.7,29.5,24.1,8.4,17.8,0.0,20.5,198,90
181,201904010TOR,"7:30 PM, April 1, 2019",2019,Orlando Magic,Toronto Raptors,0,Jarell Martin,5:45,1,3,.333,1,3,.333,2,2,1.000,0,1,1,0,0,0,0,0,5,+8,.347,.500,.500,1.000,0.0,20.4,9.8,0.0,0.0,0.0,0.0,21.4,64,127
182,201904010TOR,"7:30 PM, April 1, 2019",2019,Orlando Magic,Toronto Raptors,0,Jerian Grant,5:45,1,2,.500,0,1,.000,0,2,.000,0,1,1,0,0,0,0,1,2,+8,.644,.500,1.000,.667,0.0,20.4,9.8,0.0,0.0,0.0,0.0,28.8,137,127
183,201904010TOR,"7:30 PM, April 1, 2019",2019,Toronto Raptors,Orlando Magic,1,Danny Green,27:58,11,15,.733,7,10,.700,0,0,,0,5,5,1,2,3,3,2,29,+19,.967,.967,.667,.000,0.0,19.5,10.1,7.4,3.5,8.6,16.7,28.7,130,101
184,201904010TOR,"7:30 PM, April 1, 2019",2019,Toronto Raptors,Orlando Magic,1,Pascal Siakam,27:43,2,9,.222,1,3,.333,1,2,.500,1,2,3,4,0,0,2,2,6,+3,.304,.278,.333,.222,4.2,7.9,6.1,18.0,0.0,0.0,16.8,19.1,77,118
185,201904010TOR,"7:30 PM, April 1, 2019",2019,Toronto Raptors,Orlando Magic,1,Kawhi Leonard,27:04,5,12,.417,1,3,.333,4,4,1.000,2,5,7,5,1,0,0,1,15,+19,.545,.458,.250,.333,8.7,20.2,14.6,26.8,1.8,0.0,0.0,22.7,133,111
186,201904010TOR,"7:30 PM, April 1, 2019",2019,Toronto Raptors,Orlando Magic,1,Kyle Lowry,26:55,3,6,.500,3,6,.500,3,4,.750,1,5,6,7,3,1,0,3,12,+19,.773,.750,1.000,.667,4.3,20.3,12.6,34.1,5.4,3.0,0.0,12.9,176,100
187,201904010TOR,"7:30 PM, April 1, 2019",2019,Toronto Raptors,Orlando Magic,1,Marc Gasol,24:58,4,8,.500,2,3,.667,3,3,1.000,0,4,4,4,0,0,0,2,13,+24,.697,.625,.375,.375,0.0,17.5,9.0,22.4,0.0,0.0,0.0,16.6,152,116
188,201904010TOR,"7:30 PM, April 1, 2019",2019,Toronto Raptors,Orlando Magic,0,Fred VanVleet,26:38,3,6,.500,2,4,.500,2,2,1.000,0,0,0,7,2,2,2,1,10,+16,.727,.667,.667,.333,0.0,0.0,0.0,34.5,3.6,6.0,22.5,14.9,135,108
189,201904010TOR,"7:30 PM, April 1, 2019",2019,Toronto Raptors,Orlando Magic,0,Serge Ibaka,20:13,7,10,.700,1,1,1.000,0,1,.000,1,5,6,1,0,1,3,3,15,-2,.718,.750,.100,.100,5.8,27.0,16.8,9.4,0.0,4.0,22.3,29.6,100,110
190,201904010TOR,"7:30 PM, April 1, 2019",2019,Toronto Raptors,Orlando Magic,0,Jeremy Lin,17:21,1,4,.250,0,0,,3,4,.750,0,3,3,0,0,1,1,2,5,-9,.434,.250,.000,1.000,0.0,18.9,9.8,0.0,0.0,4.6,14.8,17.4,77,112
191,201904010TOR,"7:30 PM, April 1, 2019",2019,Toronto Raptors,Orlando Magic,0,Norman Powell,16:49,3,6,.500,1,4,.250,0,0,,0,1,1,1,1,0,2,1,7,0,.583,.583,.667,.000,0.0,6.5,3.4,8.5,2.9,0.0,25.0,21.2,83,112
192,201904010TOR,"7:30 PM, April 1, 2019",2019,Toronto Raptors,Orlando Magic,0,Jodie Meeks,12:00,1,3,.333,0,0,,0,0,,0,1,1,1,0,0,0,0,2,-8,.333,.333,.000,.000,0.0,9.1,4.7,10.5,0.0,0.0,0.0,11.1,85,118
193,201904010TOR,"7:30 PM, April 1, 2019",2019,Toronto Raptors,Orlando Magic,0,Jordan Loyd,4:07,1,2,.500,1,1,1.000,2,2,1.000,0,0,0,0,0,0,0,0,5,-7,.500,.500,.500,.000,28.4,0.0,13.7,0.0,0.0,0.0,33.3,32.5,81,120
194,201904010TOR,"7:30 PM, April 1, 2019",2019,Toronto Raptors,Orlando Magic,0,Chris Boucher,4:07,1,2,.500,0,1,.000,0,0,,1,0,1,0,0,0,1,2,2,-7,.868,.750,.500,1.000,0.0,0.0,0.0,0.0,0.0,0.0,0.0,31.2,168,121
195,201904010TOR,"7:30 PM, April 1, 2019",2019,Toronto Raptors,Orlando Magic,0,Malcolm Miller,4:07,0,1,.000,0,1,.000,0,0,,0,2,2,0,0,0,0,1,0,-7,.000,.000,1.000,.000,0.0,53.0,27.4,0.0,0.0,0.0,0.0,10.8,0,105
196,201904010UTA,"9:00 PM, April 1, 2019",2019,Charlotte Hornets,Utah Jazz,1,Kemba Walker,36:33,15,28,.536,4,8,.500,13,15,.867,0,5,5,3,0,0,3,1,47,-15,.679,.607,.286,.536,0.0,16.8,7.2,24.2,0.0,0.0,8.0,43.4,129,116
197,201904010UTA,"9:00 PM, April 1, 2019",2019,Charlotte Hornets,Utah Jazz,1,Miles Bridges,26:20,0,5,.000,0,3,.000,0,0,,0,5,5,0,1,0,2,3,0,-14,.000,.000,.600,.000,0.0,23.4,10.0,0.0,1.8,0.0,28.6,11.2,0,111
198,201904010UTA,"9:00 PM, April 1, 2019",2019,Charlotte Hornets,Utah Jazz,1,Marvin Williams,24:13,0,4,.000,0,4,.000,0,0,,0,5,5,0,2,1,1,2,0,-21,.000,.000,1.000,.000,0.0,25.4,10.9,0.0,3.9,4.5,20.0,8.7,0,103
199,201904010UTA,"9:00 PM, April 1, 2019",2019,Charlotte Hornets,Utah Jazz,1,Bismack Biyombo,10:59,2,3,.667,0,0,,0,0,,1,1,2,2,0,0,0,0,4,-4,.667,.667,.000,.000,8.4,11.2,9.6,32.1,0.0,0.0,0.0,11.5,155,117
200,201904010UTA,"9:00 PM, April 1, 2019",2019,Charlotte Hornets,Utah Jazz,1,Dwayne Bacon,5:28,1,2,.500,0,0,,0,0,,0,1,1,0,0,0,0,1,2,-5,.500,.500,.000,.000,0.0,22.5,9.6,0.0,0.0,0.0,0.0,15.4,101,115
201,201904010UTA,"9:00 PM, April 1, 2019",2019,Charlotte Hornets,Utah Jazz,0,Jeremy Lamb,30:30,9,16,.563,1,3,.333,4,4,1.000,1,3,4,0,1,0,0,3,23,-6,.648,.594,.188,.250,3.0,12.1,6.9,0.0,1.6,0.0,0.0,24.6,134,113
202,201904010UTA,"9:00 PM, April 1, 2019",2019,Charlotte Hornets,Utah Jazz,0,Devonte' Graham,26:33,0,7,.000,0,3,.000,0,0,,1,1,2,6,1,0,0,2,0,+4,.000,.000,.429,.000,3.5,4.6,4.0,30.1,1.8,0.0,0.0,11.1,50,114
203,201904010UTA,"9:00 PM, April 1, 2019",2019,Charlotte Hornets,Utah Jazz,0,Malik Monk,24:48,2,7,.286,1,5,.200,1,2,.500,0,6,6,1,2,0,1,3,6,+13,.381,.357,.714,.286,0.0,29.8,12.8,6.0,3.8,0.0,11.3,15.1,74,106
204,201904010UTA,"9:00 PM, April 1, 2019",2019,Charlotte Hornets,Utah Jazz,0,Michael Kidd-Gilchrist,22:26,2,5,.400,1,1,1.000,0,0,,1,2,3,1,3,0,0,3,5,+1,.500,.500,.200,.000,4.1,11.0,7.1,6.7,6.3,0.0,0.0,9.4,116,102
205,201904010UTA,"9:00 PM, April 1, 2019",2019,Charlotte Hornets,Utah Jazz,0,Willy Hernangomez,21:18,5,10,.500,0,1,.000,5,8,.625,5,3,8,2,2,1,3,1,15,+1,.555,.500,.100,.800,21.7,17.3,19.8,18.2,4.5,5.1,18.2,32.7,107,102
206,201904010UTA,"9:00 PM, April 1, 2019",2019,Charlotte Hornets,Utah Jazz,0,Frank Kaminsky,10:52,0,3,.000,0,2,.000,0,0,,1,2,3,0,0,0,1,1,0,+1,.000,.000,.667,.000,8.5,22.7,14.6,0.0,0.0,0.0,25.0,15.5,18,115
207,201904010UTA,"9:00 PM, April 1, 2019",2019,Charlotte Hornets,Utah Jazz,0,Shelvin Mack,0:00,0.0,0.0,0.0,0.0,0.0,0.0,0.0,0.0,0.0,0.0,0.0,0.0,0.0,0.0,0.0,0.0,0.0,0.0,0.0,0.0,0.0,0.0,0.0,0.0,0.0,0.0,0.0,0.0,0.0,0.0,0.0,0.0,0.0
208,201904010UTA,"9:00 PM, April 1, 2019",2019,Charlotte Hornets,Utah Jazz,0,Nicolas Batum,0:00,0.0,0.0,0.0,0.0,0.0,0.0,0.0,0.0,0.0,0.0,0.0,0.0,0.0,0.0,0.0,0.0,0.0,0.0,0.0,0.0,0.0,0.0,0.0,0.0,0.0,0.0,0.0,0.0,0.0,0.0,0.0,0.0,0.0
209,201904010UTA,"9:00 PM, April 1, 2019",2019,Utah Jazz,Charlotte Hornets,1,Rudy Gobert,39:01,8,10,.800,0,0,,2,7,.286,2,16,18,1,0,3,2,5,18,+22,.688,.800,.000,.700,6.3,37.9,24.3,4.4,0.0,6.2,13.3,17.3,114,94
210,201904010UTA,"9:00 PM, April 1, 2019",2019,Utah Jazz,Charlotte Hornets,1,Donovan Mitchell,36:56,8,17,.471,4,7,.571,5,6,.833,0,3,3,5,4,0,2,3,25,+22,.636,.588,.412,.353,0.0,7.5,4.3,23.5,5.1,0.0,9.2,26.2,118,96
211,201904010UTA,"9:00 PM, April 1, 2019",2019,Utah Jazz,Charlotte Hornets,1,Joe Ingles,31:48,5,8,.625,5,8,.625,0,0,,0,5,5,4,0,0,1,1,15,-13,.938,.938,1.000,.000,0.0,14.5,8.3,19.8,0.0,0.0,11.1,12.6,150,105
212,201904010UTA,"9:00 PM, April 1, 2019",2019,Utah Jazz,Charlotte Hornets,1,Ricky Rubio,29:58,5,13,.385,1,3,.333,9,9,1.000,1,1,2,13,0,0,3,2,20,+18,.590,.423,.231,.692,4.1,3.1,3.5,69.4,0.0,0.0,15.0,29.8,129,109
213,201904010UTA,"9:00 PM, April 1, 2019",2019,Utah Jazz,Charlotte Hornets,1,Jae Crowder,25:16,0,6,.000,0,6,.000,0,0,,0,5,5,0,0,0,2,2,0,-5,.000,.000,1.000,.000,0.0,18.3,10.4,0.0,0.0,0.0,25.0,14.1,0,104
214,201904010UTA,"9:00 PM, April 1, 2019",2019,Utah Jazz,Charlotte Hornets,0,Royce O'Neale,22:46,4,6,.667,1,2,.500,0,0,,0,1,1,1,0,0,0,1,9,+17,.750,.750,.333,.000,0.0,4.1,2.3,7.1,0.0,0.0,0.0,11.8,140,108
215,201904010UTA,"9:00 PM, April 1, 2019",2019,Utah Jazz,Charlotte Hornets,0,Thabo Sefolosha,22:44,5,6,.833,4,5,.800,0,0,,0,3,3,0,2,0,3,1,14,+14,1.167,1.167,.833,.000,0.0,12.2,7.0,0.0,4.2,0.0,33.3,17.7,100,97
216,201904010UTA,"9:00 PM, April 1, 2019",2019,Utah Jazz,Charlotte Hornets,0,Raul Neto,13:12,1,5,.200,0,1,.000,0,0,,1,1,2,5,0,0,2,4,2,-13,.200,.200,.200,.000,9.3,7.0,8.0,52.9,0.0,0.0,28.6,23.7,76,107
217,201904010UTA,"9:00 PM, April 1, 2019",2019,Utah Jazz,Charlotte Hornets,0,Georges Niang,9:20,1,6,.167,0,3,.000,2,2,1.000,0,5,5,0,0,0,1,3,4,-4,.291,.167,.500,.333,0.0,49.5,28.3,0.0,0.0,0.0,12.7,37.7,53,94
218,201904010UTA,"9:00 PM, April 1, 2019",2019,Utah Jazz,Charlotte Hornets,0,Ekpe Udoh,8:59,1,2,.500,0,0,,2,2,1.000,1,2,3,1,1,0,1,3,4,-13,.694,.500,.000,1.000,13.7,20.6,17.6,16.4,5.3,0.0,25.8,19.3,124,91
219,201904010UTA,"9:00 PM, April 1, 2019",2019,Utah Jazz,Charlotte Hornets,0,Tony Bradley,0:00,0.0,0.0,0.0,0.0,0.0,0.0,0.0,0.0,0.0,0.0,0.0,0.0,0.0,0.0,0.0,0.0,0.0,0.0,0.0,0.0,0.0,0.0,0.0,0.0,0.0,0.0,0.0,0.0,0.0,0.0,0.0,0.0,0.0
220,201904010UTA,"9:00 PM, April 1, 2019",2019,Utah Jazz,Charlotte Hornets,0,Naz Mitrou-Long,0:00,0.0,0.0,0.0,0.0,0.0,0.0,0.0,0.0,0.0,0.0,0.0,0.0,0.0,0.0,0.0,0.0,0.0,0.0,0.0,0.0,0.0,0.0,0.0,0.0,0.0,0.0,0.0,0.0,0.0,0.0,0.0,0.0,0.0
221,201904010UTA,"9:00 PM, April 1, 2019",2019,Utah Jazz,Charlotte Hornets,0,Grayson Allen,0:00,0.0,0.0,0.0,0.0,0.0,0.0,0.0,0.0,0.0,0.0,0.0,0.0,0.0,0.0,0.0,0.0,0.0,0.0,0.0,0.0,0.0,0.0,0.0,0.0,0.0,0.0,0.0,0.0,0.0,0.0,0.0,0.0,0.0
222,201904020GSW,"10:30 PM, April 2, 2019",2019,Denver Nuggets,Golden State Warriors,1,Jamal Murray,28:39,6,14,.429,1,5,.200,4,4,1.000,0,4,4,3,5,0,2,1,17,,.539,.464,.357,.286,0.0,16.3,7.1,19.4,7.9,0.0,11.3,24.0,102,100
223,201904020GSW,"10:30 PM, April 2, 2019",2019,Denver Nuggets,Golden State Warriors,1,Nikola Jokic,27:42,4,10,.400,0,3,.000,2,3,.667,2,3,5,6,4,0,6,1,10,,.442,.400,.300,.300,6.4,12.7,9.1,35.8,6.5,0.0,34.6,24.3,73,104
224,201904020GSW,"10:30 PM, April 2, 2019",2019,Denver Nuggets,Golden State Warriors,1,Will Barton,25:36,5,12,.417,0,2,.000,0,2,.000,2,4,6,1,0,0,2,1,10,,.388,.417,.167,.167,6.9,18.3,11.8,7.0,0.0,0.0,13.4,22.5,74,117
225,201904020GSW,"10:30 PM, April 2, 2019",2019,Denver Nuggets,Golden State Warriors,1,Gary Harris,25:23,1,9,.111,0,2,.000,4,4,1.000,2,1,3,0,1,0,0,2,6,,.279,.111,.222,.444,7.0,4.6,6.0,0.0,1.8,0.0,0.0,16.4,74,116
226,201904020GSW,"10:30 PM, April 2, 2019",2019,Denver Nuggets,Golden State Warriors,1,Paul Millsap,20:25,4,12,.333,2,5,.400,1,1,1.000,4,4,8,2,0,1,1,2,11,,.442,.417,.417,.083,17.4,22.9,19.8,17.7,0.0,4.1,7.4,25.5,100,113
227,201904020GSW,"10:30 PM, April 2, 2019",2019,Denver Nuggets,Golden State Warriors,0,Mason Plumlee,22:43,1,4,.250,0,0,,1,2,.500,1,4,5,3,3,1,1,2,3,,.307,.250,.000,.500,3.9,20.6,11.1,18.7,5.9,3.6,17.0,10.0,79,100
228,201904020GSW,"10:30 PM, April 2, 2019",2019,Denver Nuggets,Golden State Warriors,0,Torrey Craig,17:53,2,5,.400,0,2,.000,1,2,.500,1,1,2,2,2,2,0,3,5,,.425,.400,.400,.400,5.0,6.5,5.7,17.5,5.0,9.3,0.0,12.8,106,102
229,201904020GSW,"10:30 PM, April 2, 2019",2019,Denver Nuggets,Golden State Warriors,0,Trey Lyles,17:48,2,5,.400,0,2,.000,3,3,1.000,0,1,1,2,1,0,1,1,7,,.554,.400,.400,.600,0.0,6.6,2.8,17.6,2.5,0.0,13.7,15.9,108,114
230,201904020GSW,"10:30 PM, April 2, 2019",2019,Denver Nuggets,Golden State Warriors,0,Monte Morris,15:39,4,9,.444,1,2,.500,1,1,1.000,0,0,0,1,1,0,0,0,10,,.530,.500,.222,.111,0.0,0.0,0.0,12.9,2.9,0.0,0.0,23.4,110,115
231,201904020GSW,"10:30 PM, April 2, 2019",2019,Denver Nuggets,Golden State Warriors,0,Malik Beasley,13:29,1,3,.333,1,2,.500,0,0,,0,1,1,0,1,0,2,0,3,,.500,.500,.667,.000,0.0,8.7,3.7,0.0,3.3,0.0,40.0,14.4,54,112
232,201904020GSW,"10:30 PM, April 2, 2019",2019,Denver Nuggets,Golden State Warriors,0,Isaiah Thomas,10:23,2,8,.250,2,4,.500,4,4,1.000,0,1,1,3,0,0,0,0,10,,.512,.375,.500,.500,0.0,11.3,4.9,51.8,0.0,0.0,0.0,36.5,121,119
233,201904020GSW,"10:30 PM, April 2, 2019",2019,Denver Nuggets,Golden State Warriors,0,Jarred Vanderbilt,7:22,4,4,1.000,0,0,,2,3,.667,0,3,3,0,1,0,0,2,10,,.940,1.000,.000,.750,0.0,47.7,20.6,0.0,6.1,0.0,0.0,28.0,187,94
234,201904020GSW,"10:30 PM, April 2, 2019",2019,Denver Nuggets,Golden State Warriors,0,Juan Hernangomez,6:58,0,1,.000,0,1,.000,0,0,,0,1,1,0,0,0,0,0,0,,.000,.000,1.000,.000,0.0,16.8,7.3,0.0,0.0,0.0,0.0,5.6,0,118
235,201904020GSW,"10:30 PM, April 2, 2019",2019,Golden State Warriors,Denver Nuggets,1,Stephen Curry,30:14,6,11,.545,5,10,.500,0,0,,0,4,4,5,3,0,4,4,17,,.773,.773,.909,.000,0.0,11.8,6.7,19.6,4.5,0.0,26.7,19.9,114,94
236,201904020GSW,"10:30 PM, April 2, 2019",2019,Golden State Warriors,Denver Nuggets,1,Draymond Green,30:07,3,6,.500,0,2,.000,0,0,,1,8,9,9,1,2,4,2,6,,.500,.500,.333,.000,3.9,23.6,15.1,31.7,1.5,4.8,40.0,13.3,101,93
237,201904020GSW,"10:30 PM, April 2, 2019",2019,Golden State Warriors,Denver Nuggets,1,Klay Thompson,29:17,6,15,.400,1,7,.143,0,0,,0,4,4,1,1,0,2,0,13,,.433,.433,.467,.000,0.0,12.1,6.9,4.1,1.5,0.0,11.8,23.3,83,101
238,201904020GSW,"10:30 PM, April 2, 2019",2019,Golden State Warriors,Denver Nuggets,1,DeMarcus Cousins,29:14,12,17,.706,2,4,.500,2,4,.500,5,8,13,5,2,2,5,5,28,,.746,.765,.235,.235,20.0,24.3,22.5,27.1,3.1,5.0,21.0,32.6,122,89
239,201904020GSW,"10:30 PM, April 2, 2019",2019,Golden State Warriors,Denver Nuggets,1,Kevin Durant,21:25,9,13,.692,2,5,.400,1,1,1.000,0,3,3,6,0,2,0,1,21,,.781,.769,.385,.077,0.0,12.5,7.1,45.1,0.0,6.8,0.0,25.2,169,99
240,201904020GSW,"10:30 PM, April 2, 2019",2019,Golden State Warriors,Denver Nuggets,0,Andre Iguodala,18:57,0,0,,0,0,,0,0,,0,4,4,4,1,2,2,0,0,,,,,,0.0,18.8,10.7,20.3,2.4,7.7,100.0,4.2,82,91
241,201904020GSW,"10:30 PM, April 2, 2019",2019,Golden State Warriors,Denver Nuggets,0,Alfonzo McKinnie,17:16,2,6,.333,1,2,.500,0,1,.000,3,2,5,1,1,0,2,0,5,,.388,.417,.333,.167,20.3,10.3,14.6,6.3,2.6,0.0,23.7,19.6,83,99
242,201904020GSW,"10:30 PM, April 2, 2019",2019,Golden State Warriors,Denver Nuggets,0,Shaun Livingston,15:21,1,1,1.000,0,0,,0,0,,0,1,1,1,0,1,1,1,2,,1.000,1.000,.000,.000,0.0,5.8,3.3,6.7,0.0,4.7,50.0,5.2,97,103
243,201904020GSW,"10:30 PM, April 2, 2019",2019,Golden State Warriors,Denver Nuggets,0,Quinn Cook,14:12,2,5,.400,0,1,.000,0,0,,0,3,3,2,0,0,1,1,4,,.400,.400,.200,.000,0.0,18.8,10.7,15.6,0.0,0.0,16.7,17.0,88,101
244,201904020GSW,"10:30 PM, April 2, 2019",2019,Golden State Warriors,Denver Nuggets,0,Kevon Looney,12:06,5,7,.714,0,0,,0,0,,3,2,5,1,2,2,2,3,10,,.714,.714,.000,.000,29.0,14.7,20.9,13.2,7.4,12.0,22.2,29.9,115,78
245,201904020GSW,"10:30 PM, April 2, 2019",2019,Golden State Warriors,Denver Nuggets,0,Jonas Jerebko,12:00,2,5,.400,2,3,.667,0,2,.000,0,1,1,0,0,0,0,2,6,,.510,.600,.600,.400,0.0,7.4,4.2,0.0,0.0,0.0,0.0,19.7,100,105
246,201904020GSW,"10:30 PM, April 2, 2019",2019,Golden State Warriors,Denver Nuggets,0,Jordan Bell,5:57,0,3,.000,0,0,,0,0,,0,0,0,0,0,0,1,1,0,,.000,.000,.000,.000,0.0,0.0,0.0,0.0,0.0,0.0,25.0,27.0,0,108
247,201904020GSW,"10:30 PM, April 2, 2019",2019,Golden State Warriors,Denver Nuggets,0,Andrew Bogut,3:54,2,3,.667,0,0,,0,0,,1,2,3,1,0,0,0,1,4,,.667,.667,.000,.000,30.0,45.6,38.9,48.5,0.0,0.0,0.0,30.9,153,92
248,201904020OKC,"8:00 PM, April 2, 2019",2019,Los Angeles Lakers,Oklahoma City Thunder,1,Kentavious Caldwell-Pope,39:47,9,16,.563,5,10,.500,0,0,,0,5,5,4,1,0,3,3,23,,.719,.719,.625,.000,0.0,11.6,6.8,16.6,1.2,0.0,15.8,21.0,116,117
249,201904020OKC,"8:00 PM, April 2, 2019",2019,Los Angeles Lakers,Oklahoma City Thunder,1,Rajon Rondo,35:34,3,11,.273,0,4,.000,1,1,1.000,1,9,10,9,1,1,4,2,7,,.306,.273,.364,.091,3.6,23.4,15.2,33.8,1.3,2.3,25.9,19.0,80,111
250,201904020OKC,"8:00 PM, April 2, 2019",2019,Los Angeles Lakers,Oklahoma City Thunder,1,Moritz Wagner,25:50,4,9,.444,2,4,.500,0,0,,0,4,4,1,1,1,2,5,10,,.556,.556,.444,.000,0.0,14.3,8.4,5.7,1.8,3.2,18.2,18.7,86,112
251,201904020OKC,"8:00 PM, April 2, 2019",2019,Los Angeles Lakers,Oklahoma City Thunder,1,JaVale McGee,24:56,5,10,.500,0,1,.000,0,1,.000,2,6,8,1,1,0,4,4,10,,.479,.500,.100,.100,10.4,22.2,17.3,6.3,1.9,0.0,27.7,25.4,74,111
252,201904020OKC,"8:00 PM, April 2, 2019",2019,Los Angeles Lakers,Oklahoma City Thunder,1,Lance Stephenson,24:33,3,6,.500,3,5,.600,0,0,,0,2,2,3,0,0,2,5,9,,.750,.750,.833,.000,0.0,7.5,4.4,17.2,0.0,0.0,25.0,14.3,112,121
253,201904020OKC,"8:00 PM, April 2, 2019",2019,Los Angeles Lakers,Oklahoma City Thunder,0,Reggie Bullock,30:20,5,10,.500,3,7,.429,0,0,,0,3,3,0,1,0,1,1,13,,.650,.650,.700,.000,0.0,9.1,5.3,0.0,1.5,0.0,9.1,15.9,104,118
254,201904020OKC,"8:00 PM, April 2, 2019",2019,Los Angeles Lakers,Oklahoma City Thunder,0,Alex Caruso,29:10,5,9,.556,1,1,1.000,4,6,.667,0,2,2,7,2,0,5,2,15,,.644,.611,.111,.667,0.0,6.3,3.7,36.3,3.2,0.0,30.0,25.0,104,115
255,201904020OKC,"8:00 PM, April 2, 2019",2019,Los Angeles Lakers,Oklahoma City Thunder,0,Mike Muscala,19:21,3,7,.429,2,6,.333,2,2,1.000,0,3,3,1,0,0,0,2,10,,.635,.571,.857,.286,0.0,14.3,8.4,7.6,0.0,0.0,0.0,17.9,127,118
256,201904020OKC,"8:00 PM, April 2, 2019",2019,Los Angeles Lakers,Oklahoma City Thunder,0,Johnathan Williams,8:21,3,4,.750,0,0,,0,0,,1,1,2,0,0,0,0,1,6,,.750,.750,.000,.000,15.5,11.1,12.9,0.0,0.0,0.0,0.0,21.0,147,120
257,201904020OKC,"8:00 PM, April 2, 2019",2019,Los Angeles Lakers,Oklahoma City Thunder,0,Isaac Bonga,1:04,0,1,.000,0,0,,0,0,,0,0,0,0,0,0,0,0,0,,.000,.000,.000,.000,0.0,0.0,0.0,0.0,0.0,0.0,0.0,41.1,0,125
258,201904020OKC,"8:00 PM, April 2, 2019",2019,Los Angeles Lakers,Oklahoma City Thunder,0,Jemerrio Jones,1:04,0,1,.000,0,1,.000,0,0,,0,0,0,0,0,0,0,0,0,,.000,.000,1.000,.000,0.0,0.0,0.0,0.0,0.0,0.0,0.0,41.1,0,125
259,201904020OKC,"8:00 PM, April 2, 2019",2019,Oklahoma City Thunder,Los Angeles Lakers,1,Paul George,37:45,8,17,.471,3,8,.375,0,0,,1,5,6,5,5,1,2,1,19,,.559,.559,.471,.000,2.4,17.2,8.6,17.3,6.2,2.8,10.5,19.7,114,93
260,201904020OKC,"8:00 PM, April 2, 2019",2019,Oklahoma City Thunder,Los Angeles Lakers,1,Russell Westbrook,36:48,8,23,.348,2,9,.222,2,3,.667,5,15,20,21,3,0,2,2,20,,.411,.391,.391,.130,12.5,52.9,29.3,74.9,3.8,0.0,7.6,28.0,123,97
261,201904020OKC,"8:00 PM, April 2, 2019",2019,Oklahoma City Thunder,Los Angeles Lakers,1,Jerami Grant,35:01,8,15,.533,4,10,.400,2,3,.667,1,4,5,1,1,0,0,1,22,,.674,.667,.667,.200,2.6,14.8,7.7,3.8,1.3,0.0,0.0,18.2,142,106
262,201904020OKC,"8:00 PM, April 2, 2019",2019,Oklahoma City Thunder,Los Angeles Lakers,1,Steven Adams,33:11,6,11,.545,0,0,,1,7,.143,7,1,8,3,1,5,2,2,13,,.462,.545,.000,.636,19.5,3.9,13.0,11.3,1.4,16.1,12.4,18.9,104,94
263,201904020OKC,"8:00 PM, April 2, 2019",2019,Oklahoma City Thunder,Los Angeles Lakers,1,Terrance Ferguson,22:07,5,9,.556,3,7,.429,2,2,1.000,1,1,2,0,1,0,1,2,15,,.759,.722,.778,.222,4.2,5.9,4.9,0.0,2.1,0.0,9.2,19.2,137,105
264,201904020OKC,"8:00 PM, April 2, 2019",2019,Oklahoma City Thunder,Los Angeles Lakers,0,Dennis Schroder,28:46,5,12,.417,1,6,.167,4,4,1.000,0,4,4,1,1,0,3,3,15,,.545,.458,.500,.333,0.0,18.0,7.5,4.3,1.6,0.0,17.9,22.8,96,105
265,201904020OKC,"8:00 PM, April 2, 2019",2019,Oklahoma City Thunder,Los Angeles Lakers,0,Nerlens Noel,15:14,3,4,.750,0,0,,1,1,1.000,2,1,3,1,0,1,1,1,7,,.788,.750,.000,.250,12.1,8.5,10.6,8.4,0.0,7.0,18.4,14.0,138,104
266,201904020OKC,"8:00 PM, April 2, 2019",2019,Oklahoma City Thunder,Los Angeles Lakers,0,Raymond Felton,12:47,1,4,.250,0,3,.000,0,0,,0,0,0,1,1,0,0,1,2,,.250,.250,.750,.000,0.0,0.0,0.0,8.7,3.6,0.0,0.0,12.2,73,102
267,201904020OKC,"8:00 PM, April 2, 2019",2019,Oklahoma City Thunder,Los Angeles Lakers,0,Markieff Morris,11:00,2,4,.500,0,0,,0,0,,0,2,2,0,2,0,0,1,4,,.500,.500,.000,.000,0.0,23.6,9.8,0.0,8.4,0.0,0.0,14.2,105,89
268,201904020OKC,"8:00 PM, April 2, 2019",2019,Oklahoma City Thunder,Los Angeles Lakers,0,Abdel Nader,5:38,1,2,.500,0,1,.000,0,0,,0,0,0,0,0,0,1,0,2,,.500,.500,.500,.000,0.0,0.0,0.0,0.0,0.0,0.0,33.3,20.8,61,111
269,201904020OKC,"8:00 PM, April 2, 2019",2019,Oklahoma City Thunder,Los Angeles Lakers,0,Deonte Burton,1:04,0,1,.000,0,0,,0,0,,0,0,0,0,0,0,0,0,0,,.000,.000,.000,.000,0.0,0.0,0.0,0.0,0.0,0.0,0.0,36.6,0,111
270,201904020OKC,"8:00 PM, April 2, 2019",2019,Oklahoma City Thunder,Los Angeles Lakers,0,Hamidou Diallo,0:39,0,0,,0,0,,0,0,,0,0,0,0,0,0,0,0,0,,,,,,0.0,0.0,0.0,0.0,0.0,0.0,,0.0,0,111
271,201904020OKC,"8:00 PM, April 2, 2019",2019,Oklahoma City Thunder,Los Angeles Lakers,0,Patrick Patterson,0:00,0.0,0.0,0.0,0.0,0.0,0.0,0.0,0.0,0.0,0.0,0.0,0.0,0.0,0.0,0.0,0.0,0.0,0.0,0.0,0.0,0.0,0.0,0.0,0.0,0.0,0.0,0.0,0.0,0.0,0.0,0.0,0.0,0.0
272,201904020SAC,"10:00 PM, April 2, 2019",2019,Houston Rockets,Sacramento Kings,1,James Harden,29:28,12,19,.632,7,12,.583,5,6,.833,0,3,3,10,1,0,2,2,36,,.832,.816,.632,.316,0.0,9.6,5.2,61.6,1.7,0.0,8.5,35.5,162,111
273,201904020SAC,"10:00 PM, April 2, 2019",2019,Houston Rockets,Sacramento Kings,1,Chris Paul,27:31,3,12,.250,1,7,.143,0,1,.000,0,5,5,12,2,1,2,2,7,,.281,.292,.583,.083,0.0,17.1,9.3,51.3,3.6,2.4,13.9,23.2,100,102
274,201904020SAC,"10:00 PM, April 2, 2019",2019,Houston Rockets,Sacramento Kings,1,P.J. Tucker,27:29,4,9,.444,3,7,.429,2,2,1.000,2,1,3,0,0,0,0,3,13,,.658,.611,.778,.222,8.1,3.4,5.6,0.0,0.0,0.0,0.0,15.9,140,117
275,201904020SAC,"10:00 PM, April 2, 2019",2019,Houston Rockets,Sacramento Kings,1,Eric Gordon,26:06,6,12,.500,5,10,.500,2,3,.667,0,1,1,0,1,0,1,2,19,,.713,.708,.833,.250,0.0,3.6,2.0,0.0,1.9,0.0,7.0,24.3,122,112
276,201904020SAC,"10:00 PM, April 2, 2019",2019,Houston Rockets,Sacramento Kings,1,Clint Capela,25:30,3,5,.600,0,0,,1,1,1.000,3,10,13,1,2,0,0,1,7,,.643,.600,.000,.200,13.1,36.9,26.0,4.7,3.9,0.0,0.0,9.4,160,95
277,201904020SAC,"10:00 PM, April 2, 2019",2019,Houston Rockets,Sacramento Kings,0,Danuel House,28:51,7,14,.500,4,10,.400,1,2,.500,0,1,1,2,0,0,0,1,19,,.638,.643,.714,.143,0.0,3.3,1.8,9.7,0.0,0.0,0.0,22.8,128,117
278,201904020SAC,"10:00 PM, April 2, 2019",2019,Houston Rockets,Sacramento Kings,0,Austin Rivers,21:57,2,6,.333,2,4,.500,0,0,,0,0,0,1,1,0,0,1,6,,.500,.500,.667,.000,0.0,0.0,0.0,5.3,2.2,0.0,0.0,12.1,107,113
279,201904020SAC,"10:00 PM, April 2, 2019",2019,Houston Rockets,Sacramento Kings,0,Iman Shumpert,21:36,3,7,.429,2,5,.400,0,0,,0,4,4,0,0,1,1,2,8,,.571,.571,.714,.000,0.0,17.4,9.5,0.0,0.0,3.1,12.5,16.4,92,109
280,201904020SAC,"10:00 PM, April 2, 2019",2019,Houston Rockets,Sacramento Kings,0,Kenneth Faried,20:53,5,6,.833,1,2,.500,1,2,.500,2,9,11,1,1,0,1,5,12,,.872,.917,.333,.333,10.7,40.6,26.9,6.7,2.4,0.0,12.7,16.7,155,96
281,201904020SAC,"10:00 PM, April 2, 2019",2019,Houston Rockets,Sacramento Kings,0,Gary Clark,6:08,0,3,.000,0,3,.000,0,0,,0,0,0,1,0,1,0,0,0,,.000,.000,1.000,.000,0.0,0.0,0.0,17.0,0.0,10.9,0.0,21.6,29,111
282,201904020SAC,"10:00 PM, April 2, 2019",2019,Houston Rockets,Sacramento Kings,0,Chris Chiozza,4:31,1,1,1.000,1,1,1.000,0,0,,1,1,2,2,0,0,0,1,3,,1.500,1.500,1.000,.000,24.7,20.8,22.6,60.1,0.0,0.0,0.0,9.8,273,109
283,201904020SAC,"10:00 PM, April 2, 2019",2019,Houston Rockets,Sacramento Kings,0,Nene Hilario,0:00,0.0,0.0,0.0,0.0,0.0,0.0,0.0,0.0,0.0,0.0,0.0,0.0,0.0,0.0,0.0,0.0,0.0,0.0,0.0,0.0,0.0,0.0,0.0,0.0,0.0,0.0,0.0,0.0,0.0,0.0,0.0,0.0,0.0
284,201904020SAC,"10:00 PM, April 2, 2019",2019,Houston Rockets,Sacramento Kings,0,Gerald Green,0:00,0.0,0.0,0.0,0.0,0.0,0.0,0.0,0.0,0.0,0.0,0.0,0.0,0.0,0.0,0.0,0.0,0.0,0.0,0.0,0.0,0.0,0.0,0.0,0.0,0.0,0.0,0.0,0.0,0.0,0.0,0.0,0.0,0.0
285,201904020SAC,"10:00 PM, April 2, 2019",2019,Sacramento Kings,Houston Rockets,1,Buddy Hield,32:34,8,16,.500,4,9,.444,0,0,,1,6,7,5,0,1,0,2,20,,.625,.625,.563,.000,2.9,20.6,11.0,24.4,0.0,4.5,0.0,20.5,144,133
286,201904020SAC,"10:00 PM, April 2, 2019",2019,Sacramento Kings,Houston Rockets,1,Harrison Barnes,27:53,4,9,.444,0,2,.000,2,4,.500,0,5,5,1,0,0,1,0,10,,.465,.444,.222,.444,0.0,20.0,9.2,4.9,0.0,0.0,8.5,17.6,95,136
287,201904020SAC,"10:00 PM, April 2, 2019",2019,Sacramento Kings,Houston Rockets,1,De'Aaron Fox,23:37,3,8,.375,0,1,.000,3,4,.750,1,1,2,5,0,1,4,2,9,,.461,.375,.125,.500,4.0,4.7,4.3,28.3,0.0,6.2,29.1,24.4,85,136
288,201904020SAC,"10:00 PM, April 2, 2019",2019,Sacramento Kings,Houston Rockets,1,Willie Cauley-Stein,20:37,1,7,.143,0,0,,0,0,,0,5,5,0,0,0,0,0,2,,.143,.143,.000,.000,0.0,27.1,12.4,0.0,0.0,0.0,0.0,14.2,36,135
289,201904020SAC,"10:00 PM, April 2, 2019",2019,Sacramento Kings,Houston Rockets,1,Nemanja Bjelica,19:15,6,7,.857,0,0,,0,0,,1,5,6,1,1,0,1,4,12,,.857,.857,.000,.000,4.9,29.0,15.9,9.2,2.6,0.0,12.5,17.4,148,127
290,201904020SAC,"10:00 PM, April 2, 2019",2019,Sacramento Kings,Houston Rockets,0,Marvin Bagley,27:47,7,18,.389,2,4,.500,3,5,.600,3,5,8,1,0,1,0,0,19,,.470,.444,.222,.278,10.2,20.1,14.7,5.8,0.0,5.2,0.0,30.4,113,133
291,201904020SAC,"10:00 PM, April 2, 2019",2019,Sacramento Kings,Houston Rockets,0,Bogdan Bogdanovic,25:44,4,8,.500,0,2,.000,2,2,1.000,0,0,0,2,1,0,1,1,10,,.563,.500,.250,.250,0.0,0.0,0.0,10.8,1.9,0.0,10.1,16.1,115,135
292,201904020SAC,"10:00 PM, April 2, 2019",2019,Sacramento Kings,Houston Rockets,0,Yogi Ferrell,19:03,2,5,.400,0,2,.000,3,4,.750,0,2,2,1,0,0,0,1,7,,.518,.400,.400,.800,0.0,11.7,5.4,6.8,0.0,0.0,0.0,14.8,122,138
293,201904020SAC,"10:00 PM, April 2, 2019",2019,Sacramento Kings,Houston Rockets,0,Corey Brewer,16:19,3,7,.429,0,0,,0,0,,7,3,10,1,1,1,2,1,6,,.429,.429,.000,.000,40.4,20.5,31.3,8.9,3.0,8.9,22.2,23.1,102,123
294,201904020SAC,"10:00 PM, April 2, 2019",2019,Sacramento Kings,Houston Rockets,0,Kosta Koufos,10:24,3,5,.600,0,0,,1,1,1.000,1,1,2,0,0,0,0,1,7,,.643,.600,.000,.200,9.0,10.7,9.8,0.0,0.0,0.0,0.0,21.9,142,138
295,201904020SAC,"10:00 PM, April 2, 2019",2019,Sacramento Kings,Houston Rockets,0,Frank Mason,6:08,1,4,.250,1,3,.333,0,0,,0,0,0,1,0,0,1,2,3,,,,,,15.3,18.2,16.7,18.6,0.0,0.0,,0.0,215,136
296,201904020SAC,"10:00 PM, April 2, 2019",2019,Sacramento Kings,Houston Rockets,0,Alec Burks,6:08,0,0,,0,0,,0,0,,1,1,2,1,0,0,0,0,0,,.375,.375,.750,.000,0.0,0.0,0.0,22.9,0.0,0.0,20.0,34.1,75,139
297,201904020SAC,"10:00 PM, April 2, 2019",2019,Sacramento Kings,Houston Rockets,0,Caleb Swanigan,4:31,0,1,.000,0,0,,0,0,,1,1,2,0,0,0,1,1,0,,.000,.000,.000,.000,20.8,24.7,22.6,0.0,0.0,0.0,50.0,18.5,30,134
298,201904020SAS,"8:30 PM, April 2, 2019",2019,Atlanta Hawks,San Antonio Spurs,1,Trae Young,29:56,5,15,.333,0,6,.000,5,5,1.000,0,1,1,6,1,0,0,3,15,,.436,.333,.400,.333,0.0,4.5,1.8,27.5,1.6,0.0,0.0,24.2,109,120
299,201904020SAS,"8:30 PM, April 2, 2019",2019,Atlanta Hawks,San Antonio Spurs,1,Alex Len,27:57,7,11,.636,4,5,.800,3,6,.500,1,4,5,3,1,1,0,3,21,,.770,.818,.455,.545,3.3,19.1,9.8,16.6,1.7,3.4,0.0,20.6,155,116
300,201904020SAS,"8:30 PM, April 2, 2019",2019,Atlanta Hawks,San Antonio Spurs,1,Vince Carter,27:47,3,5,.600,0,2,.000,2,2,1.000,1,1,2,5,0,0,1,0,8,,.680,.600,.400,.400,3.3,4.8,3.9,22.8,0.0,0.0,14.5,10.4,140,124
301,201904020SAS,"8:30 PM, April 2, 2019",2019,Atlanta Hawks,San Antonio Spurs,1,Kevin Huerter,26:55,6,11,.545,1,3,.333,0,0,,0,2,2,1,2,1,1,0,13,,.591,.591,.273,.000,0.0,9.9,4.1,5.5,3.5,3.6,8.3,18.8,106,112
302,201904020SAS,"8:30 PM, April 2, 2019",2019,Atlanta Hawks,San Antonio Spurs,1,Justin Anderson,25:39,3,8,.375,1,2,.500,0,1,.000,4,5,9,0,1,0,2,2,7,,.415,.438,.250,.125,14.4,26.0,19.1,0.0,1.9,0.0,19.2,17.2,85,118
303,201904020SAS,"8:30 PM, April 2, 2019",2019,Atlanta Hawks,San Antonio Spurs,0,Kent Bazemore,24:03,10,16,.625,5,7,.714,1,2,.500,0,4,4,2,3,0,2,0,26,,.770,.781,.438,.125,0.0,22.2,9.1,17.3,5.9,0.0,10.6,33.1,126,109
304,201904020SAS,"8:30 PM, April 2, 2019",2019,Atlanta Hawks,San Antonio Spurs,0,Deyonta Davis,20:28,4,5,.800,0,0,,1,2,.500,2,8,10,0,2,0,3,5,9,,.765,.800,.000,.400,9.0,52.1,26.7,0.0,4.7,0.0,33.8,18.3,98,109
305,201904020SAS,"8:30 PM, April 2, 2019",2019,Atlanta Hawks,San Antonio Spurs,0,Jaylen Adams,19:37,0,8,.000,0,4,.000,0,0,,1,1,2,7,1,0,0,2,0,,.000,.000,.500,.000,4.7,6.8,5.6,39.8,2.4,0.0,0.0,17.2,59,118
306,201904020SAS,"8:30 PM, April 2, 2019",2019,Atlanta Hawks,San Antonio Spurs,0,DeAndre' Bembry,19:19,3,6,.500,1,2,.500,1,2,.500,0,3,3,2,1,0,2,1,8,,.581,.583,.333,.333,0.0,20.7,8.5,14.0,2.5,0.0,22.5,19.4,94,117
307,201904020SAS,"8:30 PM, April 2, 2019",2019,San Antonio Spurs,Atlanta Hawks,1,LaMarcus Aldridge,38:23,6,11,.545,0,0,,4,6,.667,1,10,11,0,0,3,1,3,16,,.587,.545,.000,.545,3.5,24.0,15.6,0.0,0.0,6.3,6.8,17.3,111,107
308,201904020SAS,"8:30 PM, April 2, 2019",2019,San Antonio Spurs,Atlanta Hawks,1,DeMar DeRozan,36:05,7,11,.636,0,0,,15,16,.938,0,7,7,7,2,0,5,6,29,,.804,.636,.000,1.455,0.0,17.9,10.6,28.5,2.6,0.0,21.7,29.0,138,107
309,201904020SAS,"8:30 PM, April 2, 2019",2019,San Antonio Spurs,Atlanta Hawks,1,Derrick White,30:43,10,12,.833,3,3,1.000,0,0,,1,3,4,3,0,2,4,2,23,,.958,.958,.250,.000,4.3,9.0,7.1,17.8,0.0,5.2,25.0,23.7,135,112
310,201904020SAS,"8:30 PM, April 2, 2019",2019,San Antonio Spurs,Atlanta Hawks,1,Bryn Forbes,29:19,7,11,.636,5,7,.714,0,0,,0,2,2,3,0,0,2,1,19,,.864,.864,.636,.000,0.0,6.3,3.7,16.1,0.0,0.0,15.4,20.1,137,117
311,201904020SAS,"8:30 PM, April 2, 2019",2019,San Antonio Spurs,Atlanta Hawks,1,Rudy Gay,24:59,3,10,.300,0,2,.000,0,0,,1,10,11,4,1,0,2,0,6,,.300,.300,.200,.000,5.3,36.9,24.0,21.2,1.9,0.0,16.7,21.8,75,104
312,201904020SAS,"8:30 PM, April 2, 2019",2019,San Antonio Spurs,Atlanta Hawks,0,Marco Belinelli,25:34,2,10,.200,2,8,.250,0,0,,0,4,4,1,1,0,2,1,6,,.300,.300,.800,.000,0.0,14.4,8.5,4.9,1.9,0.0,16.7,21.3,54,110
313,201904020SAS,"8:30 PM, April 2, 2019",2019,San Antonio Spurs,Atlanta Hawks,0,Patty Mills,21:13,5,9,.556,4,8,.500,0,0,,0,1,1,2,1,1,0,0,14,,.778,.778,.889,.000,0.0,4.4,2.6,14.7,2.2,3.8,0.0,19.3,150,110
314,201904020SAS,"8:30 PM, April 2, 2019",2019,San Antonio Spurs,Atlanta Hawks,0,Davis Bertans,19:21,1,4,.250,0,2,.000,0,0,,0,3,3,1,0,0,0,2,2,,.250,.250,.500,.000,0.0,14.3,8.5,6.3,0.0,0.0,0.0,9.4,65,114
315,201904020SAS,"8:30 PM, April 2, 2019",2019,San Antonio Spurs,Atlanta Hawks,0,Jakob Poeltl,9:37,1,1,1.000,0,0,,0,0,,1,1,2,1,1,0,0,0,2,,1.000,1.000,.000,.000,13.9,9.6,11.3,13.5,4.9,0.0,0.0,4.7,216,105
316,201904020SAS,"8:30 PM, April 2, 2019",2019,San Antonio Spurs,Atlanta Hawks,0,Lonnie Walker,4:46,0,1,.000,0,0,,0,0,,0,0,0,1,0,0,0,2,0,,.000,.000,.000,.000,0.0,0.0,0.0,24.0,0.0,0.0,0.0,9.5,59,116
317,201904020SAS,"8:30 PM, April 2, 2019",2019,San Antonio Spurs,Atlanta Hawks,0,Dante Cunningham,0:00,0.0,0.0,0.0,0.0,0.0,0.0,0.0,0.0,0.0,0.0,0.0,0.0,0.0,0.0,0.0,0.0,0.0,0.0,0.0,0.0,0.0,0.0,0.0,0.0,0.0,0.0,0.0,0.0,0.0,0.0,0.0,0.0,0.0
318,201904020SAS,"8:30 PM, April 2, 2019",2019,San Antonio Spurs,Atlanta Hawks,0,Drew Eubanks,0:00,0.0,0.0,0.0,0.0,0.0,0.0,0.0,0.0,0.0,0.0,0.0,0.0,0.0,0.0,0.0,0.0,0.0,0.0,0.0,0.0,0.0,0.0,0.0,0.0,0.0,0.0,0.0,0.0,0.0,0.0,0.0,0.0,0.0
319,201904020SAS,"8:30 PM, April 2, 2019",2019,San Antonio Spurs,Atlanta Hawks,0,Quincy Pondexter,0:00,0.0,0.0,0.0,0.0,0.0,0.0,0.0,0.0,0.0,0.0,0.0,0.0,0.0,0.0,0.0,0.0,0.0,0.0,0.0,0.0,0.0,0.0,0.0,0.0,0.0,0.0,0.0,0.0,0.0,0.0,0.0,0.0,0.0
